movieId, movieName, boxInfo, sumBoxInfo, avgShowView, boxRate, showInfo, avgSeatView, date
1279731,宠爱,11377.78,2.87亿,22,39.1%,151957,14.9%,2020-01-01
1190122,叶问4：完结篇,6454.63,8.28亿,26,22.2%,70690,19.8%,2020-01-01
1218273,误杀,4119.17,8.72亿,23,14.1%,52317,19.0%,2020-01-01
1298827,亲爱的新年好,1153.96,5335.9万,7,3.9%,51898,5.8%,2020-01-01
1196202,天使陷落,1063.65,2251.6万,18,3.6%,18944,17.6%,2020-01-01
247949,冰雪奇缘2,897.43,8.31亿,23,3.0%,12385,22.3%,2020-01-01
1228869,半个喜剧,716.09,1.49亿,19,2.4%,10444,19.4%,2020-01-01
443387,星球大战：天行者崛起,423.51,1.30亿,21,1.4%,4421,11.6%,2020-01-01
1298938,熊出没·狂野大陆,410.90,410.9万,62,1.4%,1904,49.6%,2020-01-01
1213293,小羊肖恩2：末日农场,381.85,1482.5万,13,1.3%,9870,13.1%,2020-01-01
1261203,解放·终局营救,333.82,2884.4万,56,1.1%,1058,63.7%,2020-01-01
1284594,我为你牺牲,315.29,1.45亿,34,1.0%,1322,44.5%,2020-01-01
1277939,我和我的祖国,235.11,30.89亿,64,0.8%,489,100%,2020-01-01
1297995,只有芸知道,185.55,1.53亿,10,0.6%,4980,12.2%,2020-01-01
1237279,特警队,124.61,5161.0万,9,0.4%,4302,9.3%,2020-01-01
346409,尼斯大冒险,90.37,415.1万,10,0.3%,3337,11.2%,2020-01-01
1220983,动物特工局,54.31,148.8万,45,0.1%,348,47.5%,2020-01-01
336934,横财局中局,52.73,389.6万,56,0.1%,212,74.6%,2020-01-01
1211270,哪吒之魔童降世,51.68,49.74亿,76,0.1%,110,100%,2020-01-01
1291012,为爱重生,47.30,2300.4万,63,0.1%,242,100%,2020-01-01
1230121,中国机长,42.45,28.84亿,86,0.1%,80,100%,2020-01-01
1299333,鹭世界,42.43,61.9万,5,0.1%,3518,4.3%,2020-01-01
1228776,下一任：前任,39.54,1.33亿,86,0.1%,51,--,2020-01-01
1301018,变化中的中国·生活因你而火热,35.76,699.5万,108,0.1%,28,100%,2020-01-01
1242130,古田军号,32.83,4715.8万,96,0.1%,59,--,2020-01-01
248906,流浪地球,30.39,46.55亿,97,0.1%,43,--,2020-01-01
1217125,勇敢者游戏2：再战巅峰,27.90,2.88亿,14,<0.1%,555,16.7%,2020-01-01
1301459,海林都,26.47,3433.2万,105,<0.1%,62,100%,2020-01-01
1203825,唐顿庄园,24.04,2181.6万,22,<0.1%,274,29.3%,2020-01-01
1218141,扫毒2天地对决,23.28,13.09亿,94,<0.1%,12,--,2020-01-01
1225993,雪人奇缘,19.13,1.18亿,69,<0.1%,35,100%,2020-01-01
1258163,利刃出鞘,18.63,1.99亿,26,<0.1%,171,28.8%,2020-01-01
1238837,天·火,13.79,1.63亿,11,<0.1%,208,16.8%,2020-01-01
1203046,坂本龙一：终曲,12.75,425.7万,16,<0.1%,199,17.7%,2020-01-01
344869,疯狂的外星人,11.81,22.10亿,79,<0.1%,19,--,2020-01-01
248172,复仇者联盟4：终局之战,10.65,42.49亿,71,<0.1%,23,100%,2020-01-01
1250700,攀登者,10.38,10.88亿,103,<0.1%,10,--,2020-01-01
1215114,廉政风云,9.28,1.16亿,217,<0.1%,14,100%,2020-01-01
1243361,烈火英雄,9.28,16.91亿,76,<0.1%,16,--,2020-01-01
1218091,飞驰人生,8.36,17.18亿,83,<0.1%,18,--,2020-01-01
1243904,动物出击,7.01,356.5万,73,<0.1%,15,--,2020-01-01
1217041,南方车站的聚会,6.81,2.02亿,13,<0.1%,117,20.0%,2020-01-01
1277527,那时风华,6.45,1361.4万,9,<0.1%,192,9.5%,2020-01-01
1218029,少年的你,6.34,15.56亿,59,<0.1%,14,--,2020-01-01
341823,罗宾汉：起源,4.95,421.8万,3,<0.1%,442,4.2%,2020-01-01
1216383,比悲伤更悲伤的故事,4.79,9.56亿,108,<0.1%,12,--,2020-01-01
1250610,乡村青年,4.66,918.1万,111,<0.1%,7,--,2020-01-01
1163219,决战中途岛,4.29,2.94亿,20,<0.1%,60,26.4%,2020-01-01
346640,长安道,4.29,2500.4万,72,<0.1%,12,--,2020-01-01
1217497,功夫四侠：勇闯地宫,4.26,369.1万,3,<0.1%,526,2.8%,2020-01-01
1179339,太空狗之月球大冒险,3.70,289.5万,6,<0.1%,226,7.4%,2020-01-01
1278147,古窑迷踪,3.59,55.4万,3,<0.1%,493,2.9%,2020-01-01
487449,心灵的阳光,3.18,1237.8万,119,<0.1%,8,--,2020-01-01
1277982,决胜时刻,2.95,1.19亿,39,<0.1%,14,100%,2020-01-01
1215605,速度与激情：特别行动,2.90,14.33亿,39,<0.1%,12,--,2020-01-01
1227006,吹哨人,2.69,5016.4万,10,<0.1%,51,30.7%,2020-01-01
1227611,小小的愿望,2.30,2.78亿,137,<0.1%,5,--,2020-01-01
1280176,顺天府奇案之国子监案,2.23,2.2万,64,<0.1%,14,100%,2020-01-01
1229534,银河补习班,2.18,8.71亿,44,<0.1%,9,100%,2020-01-01
1251174,打过长江去,2.00,2195.0万,71,<0.1%,7,100%,2020-01-01
1301296,野猪,1.88,1.8万,44,<0.1%,15,73.9%,2020-01-01
1263827,魔镜奇缘3,1.83,314.3万,6,<0.1%,131,8.7%,2020-01-01
1301444,妙先生,1.80,178.2万,1,<0.1%,574,9.4%,2020-01-01
343473,龙牌之谜,1.74,2026.0万,291,<0.1%,1,--,2020-01-01
1198925,蜘蛛侠：英雄远征,1.69,14.17亿,73,<0.1%,4,--,2020-01-01
1301384,大梦难忘,1.69,1101.8万,13,<0.1%,135,100%,2020-01-01
1212608,站住！小偷,1.53,7.8万,33,<0.1%,20,66.7%,2020-01-01
1182619,教授与疯子,1.41,257.1万,15,<0.1%,24,17.4%,2020-01-01
1208595,麦子的盖头,1.13,318.8万,17,<0.1%,17,19.3%,2020-01-01
1235560,白蛇：缘起,1.07,4.37亿,69,<0.1%,3,--,2020-01-01
360504,诛仙Ⅰ,1.04,4.04亿,58,<0.1%,3,--,2020-01-01
1243239,熊出没·原始时代,1.01,7.14亿,24,<0.1%,8,--,2020-01-01
1279731,宠爱,3225.61,3.19亿,8,32.9%,124981,5.2%,2020-01-02
1190122,叶问4：完结篇,1821.20,8.46亿,7,18.6%,73123,5.4%,2020-01-02
1218273,误杀,1254.55,8.85亿,7,12.8%,55044,5.6%,2020-01-02
1284594,我为你牺牲,685.51,1.51亿,43,7.0%,1742,68.2%,2020-01-02
1196202,天使陷落,412.42,2664.0万,7,4.2%,20895,6.2%,2020-01-02
1277939,我和我的祖国,296.57,30.92亿,98,3.0%,449,100%,2020-01-02
1228869,半个喜剧,251.03,1.52亿,6,2.5%,12752,5.7%,2020-01-02
1298827,亲爱的新年好,243.99,5579.9万,2,2.4%,39166,1.6%,2020-01-02
1261203,解放·终局营救,128.00,3012.4万,30,1.3%,877,33.8%,2020-01-02
1211270,哪吒之魔童降世,118.94,49.75亿,127,1.2%,162,100%,2020-01-02
1297995,只有芸知道,101.38,1.54亿,5,1.0%,6294,5.0%,2020-01-02
1227611,小小的愿望,90.52,2.79亿,151,0.9%,84,--,2020-01-02
1301459,海林都,81.69,3514.9万,103,0.8%,191,98.5%,2020-01-02
443387,星球大战：天行者崛起,80.04,1.31亿,4,0.8%,4411,2.4%,2020-01-02
1230121,中国机长,65.35,28.84亿,88,0.6%,113,100%,2020-01-02
247949,冰雪奇缘2,58.88,8.32亿,4,0.6%,5731,3.1%,2020-01-02
1237279,特警队,55.22,5216.2万,3,0.5%,5582,3.1%,2020-01-02
1225993,雪人奇缘,50.03,1.19亿,101,0.5%,55,100%,2020-01-02
1189325,捉妖学院,48.52,968.8万,76,0.4%,32,--,2020-01-02
1301018,变化中的中国·生活因你而火热,43.31,742.8万,75,0.4%,31,100%,2020-01-02
248906,流浪地球,35.92,46.56亿,112,0.3%,47,--,2020-01-02
343473,龙牌之谜,34.90,2060.9万,159,0.3%,23,--,2020-01-02
1228776,下一任：前任,34.06,1.33亿,69,0.3%,88,--,2020-01-02
1242130,古田军号,33.09,4748.9万,110,0.3%,46,100%,2020-01-02
1243361,烈火英雄,30.01,16.91亿,65,0.3%,81,--,2020-01-02
1218141,扫毒2天地对决,29.95,13.10亿,73,0.3%,40,--,2020-01-02
1206836,神探蒲松龄,27.51,1.54亿,165,0.2%,21,--,2020-01-02
1251174,打过长江去,26.21,2221.2万,109,0.2%,44,100%,2020-01-02
336934,横财局中局,25.22,414.8万,35,0.2%,146,44.5%,2020-01-02
1243904,动物出击,23.97,380.5万,140,0.2%,21,--,2020-01-02
1250700,攀登者,23.87,10.88亿,80,0.2%,35,--,2020-01-02
360504,诛仙Ⅰ,21.87,4.04亿,115,0.2%,32,--,2020-01-02
1291012,为爱重生,21.36,2321.7万,21,0.2%,238,100%,2020-01-02
1298794,疯狂斗牛场,20.19,230.1万,264,0.2%,11,--,2020-01-02
1213293,小羊肖恩2：末日农场,17.10,1499.7万,2,0.1%,4481,1.2%,2020-01-02
1277644,两只老虎,15.66,2.23亿,32,0.1%,95,71.1%,2020-01-02
344869,疯狂的外星人,15.56,22.10亿,102,0.1%,21,--,2020-01-02
1238837,天·火,15.06,1.63亿,14,0.1%,222,22.6%,2020-01-02
1218091,飞驰人生,14.14,17.18亿,63,0.1%,31,--,2020-01-02
1263074,红星照耀中国,12.65,3130.9万,211,0.1%,6,--,2020-01-02
1299333,鹭世界,11.29,73.2万,5,0.1%,905,4.7%,2020-01-02
1218029,少年的你,9.73,15.56亿,77,<0.1%,20,--,2020-01-02
1302100,刑场上的婚礼,9.53,33.4万,44,<0.1%,60,46.8%,2020-01-02
1203825,唐顿庄园,8.87,2190.4万,6,<0.1%,376,7.5%,2020-01-02
1277982,决胜时刻,8.60,1.19亿,56,<0.1%,22,100%,2020-01-02
1215114,廉政风云,8.40,1.16亿,77,<0.1%,19,80.4%,2020-01-02
1277527,那时风华,8.01,1369.4万,9,<0.1%,234,10.6%,2020-01-02
319904,盛世秧歌,8.00,1884.5万,80,<0.1%,10,--,2020-01-02
1217125,勇敢者游戏2：再战巅峰,7.61,2.88亿,4,<0.1%,569,4.3%,2020-01-02
1203046,坂本龙一：终曲,6.24,432.0万,6,<0.1%,283,6.3%,2020-01-02
346640,长安道,5.85,2506.2万,83,<0.1%,15,--,2020-01-02
1301695,城市的星空,5.71,6.1万,179,<0.1%,4,--,2020-01-02
1258163,利刃出鞘,5.69,1.99亿,7,<0.1%,215,7.6%,2020-01-02
1216383,比悲伤更悲伤的故事,5.48,9.56亿,68,<0.1%,9,--,2020-01-02
1260354,亲密旅行,5.46,391.1万,260,<0.1%,3,--,2020-01-02
487449,心灵的阳光,4.18,1242.0万,56,<0.1%,11,--,2020-01-02
346409,尼斯大冒险,3.91,419.0万,1,<0.1%,1403,1.2%,2020-01-02
1217041,南方车站的聚会,3.73,2.02亿,6,<0.1%,145,7.7%,2020-01-02
1251281,被光抓走的人,3.61,7094.8万,9,<0.1%,103,10.4%,2020-01-02
1250610,乡村青年,3.16,921.3万,132,<0.1%,4,--,2020-01-02
248172,复仇者联盟4：终局之战,3.02,42.49亿,28,<0.1%,15,--,2020-01-02
1211727,反贪风暴4,2.99,7.98亿,46,<0.1%,7,--,2020-01-02
1280176,顺天府奇案之国子监案,2.96,5.1万,54,<0.1%,22,64.2%,2020-01-02
341823,罗宾汉：起源,2.86,424.6万,2,<0.1%,595,1.9%,2020-01-02
1197417,使徒行者2：谍影行动,2.82,7.01亿,20,<0.1%,14,--,2020-01-02
1278147,古窑迷踪,2.76,58.2万,2,<0.1%,576,2.0%,2020-01-02
1229534,银河补习班,2.69,8.71亿,33,<0.1%,9,100%,2020-01-02
1243239,熊出没·原始时代,2.66,7.14亿,41,<0.1%,6,--,2020-01-02
345397,催眠·裁决,2.27,9762.9万,96,<0.1%,4,--,2020-01-02
1301580,铁血阳泉,1.72,66.2万,18,<0.1%,32,28.2%,2020-01-02
1235560,白蛇：缘起,1.69,4.37亿,42,<0.1%,6,--,2020-01-02
1250662,大约在冬季,1.66,2.27亿,8,<0.1%,30,12.9%,2020-01-02
1301296,野猪,1.64,3.5万,41,<0.1%,14,72.3%,2020-01-02
346690,你是凶手,1.57,4760.3万,11,<0.1%,18,--,2020-01-02
1174518,“大”人物,1.47,3.80亿,37,<0.1%,8,--,2020-01-02
1163219,决战中途岛,1.35,2.94亿,6,<0.1%,74,7.1%,2020-01-02
580298,新喜剧之王,1.27,6.26亿,29,<0.1%,8,--,2020-01-02
1198925,蜘蛛侠：英雄远征,1.22,14.17亿,58,<0.1%,3,--,2020-01-02
1227006,吹哨人,1.20,5017.6万,5,<0.1%,49,7.4%,2020-01-02
1208595,麦子的盖头,1.00,319.8万,6,<0.1%,49,7.7%,2020-01-02
1279731,宠爱,3450.52,3.54亿,9,27.5%,110145,6.2%,2020-01-03
1190122,叶问4：完结篇,1991.46,8.66亿,8,15.9%,71724,5.8%,2020-01-03
1218273,误杀,1462.63,9.00亿,8,11.6%,53240,6.5%,2020-01-03
1284594,我为你牺牲,1015.01,1.62亿,61,8.1%,2334,100%,2020-01-03
1303,美丽人生,683.90,683.9万,9,5.4%,25560,8.5%,2020-01-03
1277939,我和我的祖国,523.63,30.84亿,89,4.1%,825,100%,2020-01-03
1214142,变身特工,454.93,455.6万,4,3.6%,36974,3.0%,2020-01-03
1196202,天使陷落,395.70,3059.7万,7,3.1%,18318,6.7%,2020-01-03
1228869,半个喜剧,235.07,1.54亿,7,1.8%,10021,6.8%,2020-01-03
1227611,小小的愿望,214.81,2.81亿,97,1.7%,313,100%,2020-01-03
1225993,雪人奇缘,210.08,1.17亿,106,1.6%,219,100%,2020-01-03
1298827,亲爱的新年好,146.09,5725.9万,2,1.1%,21422,1.9%,2020-01-03
1211270,哪吒之魔童降世,132.05,49.77亿,97,1.0%,219,100%,2020-01-03
1230121,中国机长,110.94,28.80亿,97,0.8%,181,100%,2020-01-03
1261203,解放·终局营救,108.19,3120.6万,30,0.8%,821,32.3%,2020-01-03
443387,星球大战：天行者崛起,85.00,1.32亿,6,0.6%,3507,2.9%,2020-01-03
1229688,看不见的小孩,84.12,1886.7万,172,0.6%,49,--,2020-01-03
248906,流浪地球,81.08,46.56亿,94,0.6%,144,100%,2020-01-03
1189325,捉妖学院,76.44,1045.3万,147,0.6%,21,--,2020-01-03
1301459,海林都,76.19,3585.2万,105,0.6%,174,100%,2020-01-03
1297995,只有芸知道,61.68,1.54亿,4,0.4%,4403,4.7%,2020-01-03
1242130,古田军号,61.27,4766.1万,179,0.4%,51,100%,2020-01-03
247949,冰雪奇缘2,53.15,8.32亿,5,0.4%,3507,4.2%,2020-01-03
1228776,下一任：前任,43.19,1.33亿,87,0.3%,83,--,2020-01-03
1218091,飞驰人生,42.62,17.18亿,111,0.3%,53,100%,2020-01-03
1215114,廉政风云,42.06,1.16亿,118,0.3%,53,100%,2020-01-03
1237279,特警队,40.43,5256.6万,3,0.3%,3870,3.4%,2020-01-03
1243361,烈火英雄,39.17,16.91亿,98,0.3%,59,100%,2020-01-03
1250700,攀登者,36.76,10.87亿,91,0.2%,68,100%,2020-01-03
345797,猪八戒传说,35.53,6431.5万,132,0.2%,45,--,2020-01-03
1211698,碟仙,30.55,5539.3万,121,0.2%,34,--,2020-01-03
1263074,红星照耀中国,29.93,3160.9万,146,0.2%,20,--,2020-01-03
1302100,刑场上的婚礼,23.50,56.9万,56,0.1%,123,55.4%,2020-01-03
1218029,少年的你,21.66,15.56亿,67,0.1%,34,100%,2020-01-03
346640,长安道,20.59,2526.8万,138,0.1%,32,--,2020-01-03
343473,龙牌之谜,19.16,2080.0万,118,0.1%,19,--,2020-01-03
1301018,变化中的中国·生活因你而火热,17.31,760.1万,52,0.1%,23,100%,2020-01-03
1238837,天·火,16.97,1.63亿,14,0.1%,210,20.9%,2020-01-03
1291012,为爱重生,15.38,2268.9万,20,0.1%,241,100%,2020-01-03
1218141,扫毒2天地对决,14.69,13.10亿,56,0.1%,36,100%,2020-01-03
248172,复仇者联盟4：终局之战,13.67,42.49亿,60,0.1%,26,100%,2020-01-03
344869,疯狂的外星人,13.63,22.10亿,99,0.1%,17,100%,2020-01-03
1301695,城市的星空,13.32,19.4万,238,0.1%,7,--,2020-01-03
378256,美丽人生,13.08,13.0万,9,0.1%,469,--,2020-01-03
1299333,鹭世界,10.99,84.2万,6,<0.1%,726,5.8%,2020-01-03
1220738,卡壳,10.00,10.0万,73,<0.1%,25,100%,2020-01-03
1229534,银河补习班,9.87,8.71亿,37,<0.1%,26,100%,2020-01-03
1277527,那时风华,9.74,1379.1万,11,<0.1%,229,12.0%,2020-01-03
1213293,小羊肖恩2：末日农场,9.63,1509.3万,2,<0.1%,2304,1.4%,2020-01-03
336934,横财局中局,9.25,424.1万,15,<0.1%,143,17.4%,2020-01-03
1217125,勇敢者游戏2：再战巅峰,8.88,2.88亿,5,<0.1%,490,5.8%,2020-01-03
1216383,比悲伤更悲伤的故事,8.74,9.55亿,85,<0.1%,12,100%,2020-01-03
346690,你是凶手,8.71,4769.0万,61,<0.1%,18,--,2020-01-03
1277644,两只老虎,8.47,2.24亿,25,<0.1%,50,36.4%,2020-01-03
1277982,决胜时刻,8.46,1.19亿,69,<0.1%,17,100%,2020-01-03
1203825,唐顿庄园,7.07,2197.5万,7,<0.1%,281,7.6%,2020-01-03
1197417,使徒行者2：谍影行动,6.89,7.01亿,87,<0.1%,11,100%,2020-01-03
1260459,赛尔号大电影7：疯狂机器城,6.83,2868.4万,86,<0.1%,10,100%,2020-01-03
1243239,熊出没·原始时代,6.17,7.14亿,71,<0.1%,10,100%,2020-01-03
1198925,蜘蛛侠：英雄远征,5.64,14.17亿,35,<0.1%,26,100%,2020-01-03
1203046,坂本龙一：终曲,5.50,437.5万,6,<0.1%,256,6.0%,2020-01-03
343526,我是哪吒,5.50,1017.5万,37,<0.1%,3,--,2020-01-03
1211727,反贪风暴4,5.14,7.98亿,58,<0.1%,10,100%,2020-01-03
1212492,老师·好,5.05,3.54亿,57,<0.1%,12,100%,2020-01-03
1258163,利刃出鞘,4.94,1.99亿,8,<0.1%,152,8.3%,2020-01-03
359377,罗小黑战记,4.77,3.14亿,60,<0.1%,10,100%,2020-01-03
345397,催眠·裁决,4.62,9767.5万,71,<0.1%,12,100%,2020-01-03
1250610,乡村青年,4.43,925.7万,108,<0.1%,6,--,2020-01-03
1242431,最好的我们,4.28,4.16亿,58,<0.1%,9,100%,2020-01-03
1227006,吹哨人,4.13,5021.7万,17,<0.1%,58,42.9%,2020-01-03
1217041,南方车站的聚会,4.06,2.02亿,7,<0.1%,122,10.1%,2020-01-03
580298,新喜剧之王,3.95,6.26亿,67,<0.1%,7,100%,2020-01-03
346409,尼斯大冒险,3.93,422.9万,3,<0.1%,633,3.2%,2020-01-03
1206875,大黄蜂,3.78,11.49亿,80,<0.1%,6,100%,2020-01-03
1235560,白蛇：缘起,3.66,4.37亿,73,<0.1%,8,100%,2020-01-03
1301580,铁血阳泉,3.03,69.2万,29,<0.1%,36,45.8%,2020-01-03
1250662,大约在冬季,2.97,2.27亿,13,<0.1%,32,21.5%,2020-01-03
78723,疯狂外星人,2.90,1.72亿,40,<0.1%,1,--,2020-01-03
1278147,古窑迷踪,2.76,60.9万,3,<0.1%,506,2.2%,2020-01-03
341139,惊奇队长,2.63,10.34亿,31,<0.1%,10,100%,2020-01-03
1215605,速度与激情：特别行动,2.56,14.31亿,47,<0.1%,6,100%,2020-01-03
360504,诛仙Ⅰ,2.35,4.04亿,36,<0.1%,8,100%,2020-01-03
1251174,打过长江去,2.05,2222.2万,35,<0.1%,5,83.0%,2020-01-03
1301605,生根,2.02,11.4万,34,<0.1%,17,51.8%,2020-01-03
341823,罗宾汉：起源,1.97,426.6万,2,<0.1%,400,2.1%,2020-01-03
1189879,狮子王,1.71,8.33亿,21,<0.1%,13,100%,2020-01-03
1174518,“大”人物,1.47,3.80亿,63,<0.1%,3,100%,2020-01-03
246061,哥斯拉2：怪兽之王,1.45,9.37亿,13,<0.1%,12,100%,2020-01-03
1163219,决战中途岛,1.31,2.94亿,5,<0.1%,77,6.2%,2020-01-03
1240159,来电狂响,1.29,6.41亿,54,<0.1%,4,100%,2020-01-03
410629,阿丽塔：战斗天使,1.22,8.96亿,44,<0.1%,3,100%,2020-01-03
1208595,麦子的盖头,1.11,320.9万,8,<0.1%,40,8.5%,2020-01-03
1301521,红色圩场,1.05,21.4万,88,<0.1%,4,85.5%,2020-01-03
1279731,宠爱,4714.81,4.01亿,12,26.2%,112370,8.1%,2020-01-04
1190122,叶问4：完结篇,3108.78,8.97亿,12,17.3%,76726,8.2%,2020-01-04
1218273,误杀,2525.10,9.25亿,13,14.0%,57163,10.2%,2020-01-04
1284594,我为你牺牲,1145.68,1.73亿,68,6.3%,2270,100%,2020-01-04
1214142,变身特工,1120.63,1576.3万,10,6.2%,34783,8.4%,2020-01-04
1303,美丽人生,929.15,1613.0万,10,5.1%,30178,9.0%,2020-01-04
1196202,天使陷落,629.76,3689.5万,11,3.5%,18549,10.3%,2020-01-04
1277939,我和我的祖国,568.04,30.89亿,103,3.1%,775,100%,2020-01-04
1298938,熊出没·狂野大陆,502.42,913.3万,17,2.7%,8413,13.6%,2020-01-04
1228869,半个喜剧,413.18,1.58亿,12,2.3%,9580,12.5%,2020-01-04
247949,冰雪奇缘2,225.10,8.35亿,8,1.2%,8566,7.9%,2020-01-04
1228776,下一任：前任,171.81,1.35亿,80,0.9%,281,100%,2020-01-04
443387,星球大战：天行者崛起,159.61,1.33亿,10,0.8%,3681,5.2%,2020-01-04
1298827,亲爱的新年好,137.26,5863.2万,3,0.7%,13643,3.0%,2020-01-04
1261203,解放·终局营救,133.46,3254.0万,38,0.7%,690,51.0%,2020-01-04
1211270,哪吒之魔童降世,112.80,49.78亿,99,0.6%,172,100%,2020-01-04
1225993,雪人奇缘,104.64,1.18亿,128,0.5%,85,100%,2020-01-04
1297995,只有芸知道,83.67,1.55亿,6,0.4%,3833,7.3%,2020-01-04
1242130,古田军号,79.46,4845.5万,153,0.4%,57,100%,2020-01-04
1230121,中国机长,71.65,28.81亿,80,0.3%,136,100%,2020-01-04
1227611,小小的愿望,66.93,2.82亿,110,0.3%,103,--,2020-01-04
1301459,海林都,61.17,3646.4万,98,0.3%,141,100%,2020-01-04
1189325,捉妖学院,60.97,1106.2万,141,0.3%,18,--,2020-01-04
248906,流浪地球,57.69,46.57亿,80,0.3%,105,--,2020-01-04
1237279,特警队,54.33,5311.0万,5,0.3%,3341,5.3%,2020-01-04
1213293,小羊肖恩2：末日农场,47.58,1556.9万,4,0.2%,4509,3.6%,2020-01-04
345797,猪八戒传说,36.26,6467.8万,129,0.2%,47,--,2020-01-04
1215114,廉政风云,35.47,1.16亿,120,0.1%,38,100%,2020-01-04
1243361,烈火英雄,29.96,16.91亿,93,0.1%,54,--,2020-01-04
346690,你是凶手,27.32,4796.3万,117,0.1%,24,--,2020-01-04
1281095,紫罗兰永恒花园 外传：永远与自动手记人偶,26.66,26.6万,90,0.1%,65,71.8%,2020-01-04
1218029,少年的你,22.53,15.56亿,90,0.1%,47,100%,2020-01-04
1301018,变化中的中国·生活因你而火热,22.31,782.5万,93,0.1%,26,100%,2020-01-04
346640,长安道,21.91,2548.7万,124,0.1%,37,--,2020-01-04
1238837,天·火,21.25,1.64亿,13,0.1%,214,18.5%,2020-01-04
1291012,为爱重生,20.06,2289.0万,29,0.1%,238,100%,2020-01-04
1229697,四个春天,20.00,1132.2万,334,0.1%,6,--,2020-01-04
1250700,攀登者,17.81,10.87亿,88,<0.1%,39,100%,2020-01-04
1299333,鹭世界,16.58,100.7万,13,<0.1%,515,12.3%,2020-01-04
1218091,飞驰人生,15.73,17.18亿,84,<0.1%,24,--,2020-01-04
1203825,唐顿庄园,14.38,2211.9万,13,<0.1%,278,15.9%,2020-01-04
1217125,勇敢者游戏2：再战巅峰,13.39,2.89亿,7,<0.1%,545,6.9%,2020-01-04
378256,美丽人生,13.21,26.3万,9,<0.1%,503,--,2020-01-04
1258163,利刃出鞘,12.36,1.99亿,15,<0.1%,176,16.8%,2020-01-04
1260459,赛尔号大电影7：疯狂机器城,11.88,2880.3万,93,<0.1%,16,--,2020-01-04
1250662,大约在冬季,11.73,2.27亿,41,<0.1%,44,91.5%,2020-01-04
1211698,碟仙,11.05,5550.3万,97,<0.1%,19,--,2020-01-04
1277644,两只老虎,10.75,2.24亿,27,<0.1%,54,81.1%,2020-01-04
78826,龙之谷：破晓奇兵,10.30,5740.7万,4,<0.1%,997,4.3%,2020-01-04
1250690,受益人,10.17,2.19亿,54,<0.1%,30,--,2020-01-04
1277527,那时风华,9.84,1389.0万,12,<0.1%,204,13.1%,2020-01-04
346409,尼斯大冒险,9.44,432.4万,3,<0.1%,1147,3.3%,2020-01-04
344869,疯狂的外星人,8.79,22.10亿,66,<0.1%,21,--,2020-01-04
1203046,坂本龙一：终曲,8.34,445.8万,9,<0.1%,231,9.5%,2020-01-04
1263074,红星照耀中国,8.08,3168.9万,83,<0.1%,14,--,2020-01-04
1229688,看不见的小孩,8.00,1894.7万,100,<0.1%,8,--,2020-01-04
1218141,扫毒2天地对决,7.77,13.10亿,76,<0.1%,16,--,2020-01-04
344328,X战警：黑凤凰,6.80,4.09亿,170,<0.1%,5,--,2020-01-04
580298,新喜剧之王,6.20,6.26亿,45,<0.1%,23,--,2020-01-04
248172,复仇者联盟4：终局之战,6.12,42.49亿,56,<0.1%,16,100%,2020-01-04
334625,美食大冒险之英雄烩,5.77,989.5万,77,<0.1%,15,--,2020-01-04
1301695,城市的星空,5.71,25.1万,238,<0.1%,3,--,2020-01-04
345397,催眠·裁决,5.29,9772.8万,111,<0.1%,9,--,2020-01-04
1250610,乡村青年,5.28,931.0万,94,<0.1%,8,100%,2020-01-04
1229534,银河补习班,5.00,8.71亿,40,<0.1%,24,100%,2020-01-04
1277982,决胜时刻,4.81,1.19亿,74,<0.1%,14,100%,2020-01-04
1218215,追龙Ⅱ,4.74,3.09亿,56,<0.1%,12,--,2020-01-04
1278147,古窑迷踪,3.68,64.6万,3,<0.1%,555,2.6%,2020-01-04
1301296,野猪,3.52,7.9万,41,<0.1%,30,49.1%,2020-01-04
1263827,魔镜奇缘3,3.51,318.1万,2,<0.1%,618,1.7%,2020-01-04
1242431,最好的我们,3.47,4.16亿,51,<0.1%,13,--,2020-01-04
1216383,比悲伤更悲伤的故事,3.27,9.55亿,27,<0.1%,20,--,2020-01-04
1133527,阳光夏令营,3.04,9.8万,38,<0.1%,10,--,2020-01-04
1212492,老师·好,2.97,3.54亿,67,<0.1%,9,--,2020-01-04
336934,横财局中局,2.95,427.0万,8,<0.1%,113,10.3%,2020-01-04
1163219,决战中途岛,2.74,2.94亿,10,<0.1%,79,13.2%,2020-01-04
1217041,南方车站的聚会,2.61,2.02亿,6,<0.1%,115,7.9%,2020-01-04
341823,罗宾汉：起源,2.53,429.2万,2,<0.1%,365,2.7%,2020-01-04
1197417,使徒行者2：谍影行动,2.30,7.01亿,67,<0.1%,6,--,2020-01-04
342146,犯罪现场,2.28,2.54亿,57,<0.1%,5,--,2020-01-04
1227006,吹哨人,2.19,5023.9万,8,<0.1%,55,15.8%,2020-01-04
1206836,神探蒲松龄,2.05,1.54亿,61,<0.1%,6,--,2020-01-04
341139,惊奇队长,1.97,10.35亿,53,<0.1%,5,100%,2020-01-04
1198925,蜘蛛侠：英雄远征,1.66,14.17亿,77,<0.1%,3,--,2020-01-04
1206875,大黄蜂,1.57,11.49亿,41,<0.1%,5,--,2020-01-04
1212608,站住！小偷,1.40,10.1万,14,<0.1%,37,18.4%,2020-01-04
1211727,反贪风暴4,1.37,7.98亿,62,<0.1%,4,--,2020-01-04
487449,心灵的阳光,1.36,1244.3万,49,<0.1%,9,--,2020-01-04
1243239,熊出没·原始时代,1.36,7.14亿,21,<0.1%,12,--,2020-01-04
1235560,白蛇：缘起,1.35,4.37亿,50,<0.1%,5,--,2020-01-04
1301580,铁血阳泉,1.33,70.6万,18,<0.1%,25,27.0%,2020-01-04
1208595,麦子的盖头,1.29,322.2万,16,<0.1%,22,19.7%,2020-01-04
1215605,速度与激情：特别行动,1.19,14.31亿,34,<0.1%,4,--,2020-01-04
432132,童年,1.07,112.0万,120,<0.1%,3,--,2020-01-04
344264,战狼2,1.02,56.83亿,51,<0.1%,2,--,2020-01-04
1174518,“大”人物,1.00,3.80亿,48,<0.1%,4,--,2020-01-04
1279731,宠爱,3712.42,4.38亿,10,24.9%,110292,6.5%,2020-01-05
1190122,叶问4：完结篇,2456.76,9.21亿,9,16.5%,76723,6.5%,2020-01-05
1218273,误杀,2070.21,9.46亿,11,13.9%,58817,8.1%,2020-01-05
1214142,变身特工,960.21,2536.5万,9,6.4%,34119,7.4%,2020-01-05
1284594,我为你牺牲,858.85,1.82亿,64,5.7%,1858,100%,2020-01-05
1303,美丽人生,767.85,2380.9万,9,5.1%,28759,7.7%,2020-01-05
1196202,天使陷落,557.39,4246.9万,9,3.7%,18796,9.0%,2020-01-05
1298938,熊出没·狂野大陆,486.45,1399.7万,17,3.2%,8351,13.2%,2020-01-05
1277939,我和我的祖国,420.99,30.94亿,83,2.8%,646,100%,2020-01-05
1228869,半个喜剧,343.64,1.62亿,9,2.3%,10283,9.6%,2020-01-05
247949,冰雪奇缘2,203.27,8.37亿,7,1.3%,8812,6.9%,2020-01-05
1225993,雪人奇缘,191.47,1.20亿,123,1.2%,147,100%,2020-01-05
1238837,天·火,187.11,1.66亿,68,1.2%,325,100%,2020-01-05
1261203,解放·终局营救,131.95,3386.0万,40,0.8%,661,53.1%,2020-01-05
443387,星球大战：天行者崛起,128.79,1.35亿,8,0.8%,3736,4.2%,2020-01-05
1211270,哪吒之魔童降世,105.71,49.79亿,98,0.7%,141,100%,2020-01-05
1298827,亲爱的新年好,95.58,5958.7万,3,0.6%,12055,2.4%,2020-01-05
1227611,小小的愿望,76.50,2.82亿,111,0.5%,110,100%,2020-01-05
1230121,中国机长,75.14,28.82亿,70,0.5%,166,100%,2020-01-05
1297995,只有芸知道,69.60,1.56亿,5,0.4%,3886,6.0%,2020-01-05
1228776,下一任：前任,65.45,1.36亿,96,0.4%,84,100%,2020-01-05
1301459,海林都,62.28,3708.7万,92,0.4%,147,100%,2020-01-05
248906,流浪地球,56.74,46.58亿,93,0.3%,89,100%,2020-01-05
1237279,特警队,51.64,5362.6万,5,0.3%,3585,4.6%,2020-01-05
1213293,小羊肖恩2：末日农场,41.65,1598.5万,4,0.2%,4303,3.3%,2020-01-05
1250700,攀登者,40.47,10.87亿,118,0.2%,51,100%,2020-01-05
319904,盛世秧歌,38.22,1875.9万,153,0.2%,25,--,2020-01-05
1242130,古田军号,32.85,4878.4万,139,0.2%,29,100%,2020-01-05
1243361,烈火英雄,30.85,16.91亿,120,0.2%,35,100%,2020-01-05
345797,猪八戒传说,30.67,6498.4万,119,0.2%,43,--,2020-01-05
1229688,看不见的小孩,27.00,1921.7万,169,0.1%,16,--,2020-01-05
1218091,飞驰人生,24.49,17.18亿,83,0.1%,36,100%,2020-01-05
1301018,变化中的中国·生活因你而火热,24.18,806.6万,68,0.1%,26,100%,2020-01-05
1218029,少年的你,20.93,15.55亿,69,0.1%,35,100%,2020-01-05
346640,长安道,20.54,2569.3万,74,0.1%,56,--,2020-01-05
1291012,为爱重生,18.92,2307.9万,28,0.1%,237,100%,2020-01-05
1215114,廉政风云,18.67,1.16亿,97,0.1%,29,100%,2020-01-05
1218141,扫毒2天地对决,16.57,13.09亿,137,0.1%,11,100%,2020-01-05
346690,你是凶手,13.52,4809.9万,94,<0.1%,18,--,2020-01-05
344869,疯狂的外星人,12.15,22.10亿,60,<0.1%,36,100%,2020-01-05
1203825,唐顿庄园,11.80,2223.7万,10,<0.1%,295,12.8%,2020-01-05
378256,美丽人生,11.39,37.6万,8,<0.1%,467,--,2020-01-05
345397,催眠·裁决,11.35,9781.8万,60,<0.1%,26,100%,2020-01-05
1217125,勇敢者游戏2：再战巅峰,11.07,2.89亿,6,<0.1%,557,5.8%,2020-01-05
1216383,比悲伤更悲伤的故事,10.99,9.55亿,133,<0.1%,11,100%,2020-01-05
248172,复仇者联盟4：终局之战,10.32,42.49亿,84,<0.1%,18,100%,2020-01-05
1211698,碟仙,9.89,5560.2万,97,<0.1%,17,--,2020-01-05
1277982,决胜时刻,9.82,1.19亿,191,<0.1%,13,100%,2020-01-05
1229534,银河补习班,9.74,8.71亿,82,<0.1%,20,100%,2020-01-05
1299333,鹭世界,9.55,110.3万,8,<0.1%,469,7.7%,2020-01-05
1277644,两只老虎,9.54,2.24亿,25,<0.1%,56,59.3%,2020-01-05
1258163,利刃出鞘,9.22,1.99亿,12,<0.1%,184,12.5%,2020-01-05
1277527,那时风华,7.65,1396.6万,9,<0.1%,200,12.4%,2020-01-05
1203046,坂本龙一：终曲,7.53,453.4万,8,<0.1%,236,8.7%,2020-01-05
346409,尼斯大冒险,6.18,438.6万,3,<0.1%,1015,2.5%,2020-01-05
1243239,熊出没·原始时代,5.96,7.14亿,59,<0.1%,16,100%,2020-01-05
1206836,神探蒲松龄,5.88,1.54亿,71,<0.1%,14,--,2020-01-05
334625,美食大冒险之英雄烩,5.77,995.3万,77,<0.1%,15,--,2020-01-05
78826,龙之谷：破晓奇兵,5.71,5746.4万,3,<0.1%,754,2.9%,2020-01-05
1301695,城市的星空,5.71,30.8万,238,<0.1%,3,--,2020-01-05
1250610,乡村青年,5.11,936.1万,73,<0.1%,10,100%,2020-01-05
341139,惊奇队长,4.68,10.35亿,95,<0.1%,8,100%,2020-01-05
1163219,决战中途岛,4.23,2.94亿,12,<0.1%,88,16.5%,2020-01-05
1229697,四个春天,4.00,1136.2万,100,<0.1%,4,--,2020-01-05
1250690,受益人,3.85,2.19亿,155,<0.1%,5,--,2020-01-05
1301296,野猪,3.79,11.7万,40,<0.1%,34,51.7%,2020-01-05
1215605,速度与激情：特别行动,3.42,14.31亿,46,<0.1%,8,100%,2020-01-05
580298,新喜剧之王,3.24,6.26亿,66,<0.1%,9,--,2020-01-05
1217041,南方车站的聚会,3.07,2.02亿,7,<0.1%,122,8.8%,2020-01-05
1133527,阳光夏令营,3.04,12.8万,38,<0.1%,10,--,2020-01-05
1278147,古窑迷踪,3.02,67.6万,2,<0.1%,563,2.1%,2020-01-05
1250662,大约在冬季,2.83,2.27亿,13,<0.1%,28,19.3%,2020-01-05
336934,横财局中局,2.48,429.5万,6,<0.1%,121,8.8%,2020-01-05
1301384,大梦难忘,2.48,1104.4万,17,<0.1%,148,100%,2020-01-05
341823,罗宾汉：起源,2.45,431.6万,2,<0.1%,389,2.5%,2020-01-05
1260459,赛尔号大电影7：疯狂机器城,2.33,2883.1万,42,<0.1%,7,--,2020-01-05
1212608,站住！小偷,2.31,12.4万,25,<0.1%,36,29.7%,2020-01-05
1211727,反贪风暴4,2.30,7.98亿,64,<0.1%,6,--,2020-01-05
1235560,白蛇：缘起,2.24,4.37亿,103,<0.1%,4,--,2020-01-05
1263827,魔镜奇缘3,2.00,320.1万,2,<0.1%,585,1.2%,2020-01-05
246061,哥斯拉2：怪兽之王,1.93,9.37亿,74,<0.1%,4,100%,2020-01-05
1189879,狮子王,1.70,8.33亿,66,<0.1%,4,--,2020-01-05
1218215,追龙Ⅱ,1.54,3.09亿,61,<0.1%,3,70.6%,2020-01-05
1263074,红星照耀中国,1.53,3170.5万,94,<0.1%,3,--,2020-01-05
1174518,“大”人物,1.41,3.80亿,59,<0.1%,4,--,2020-01-05
342146,犯罪现场,1.26,2.54亿,47,<0.1%,7,100%,2020-01-05
1206875,大黄蜂,1.26,11.49亿,45,<0.1%,4,--,2020-01-05
1242431,最好的我们,1.19,4.16亿,67,<0.1%,4,--,2020-01-05
1208595,麦子的盖头,1.17,323.4万,16,<0.1%,19,19.8%,2020-01-05
343473,龙牌之谜,1.16,2081.6万,155,<0.1%,2,--,2020-01-05
1301521,红色圩场,1.04,22.4万,348,<0.1%,1,87.4%,2020-01-05
432132,童年,1.03,113.0万,173,<0.1%,2,--,2020-01-05
1207237,沉默的证人,1.02,1.81亿,57,<0.1%,3,--,2020-01-05
1279731,宠爱,1832.27,4.56亿,6,19.9%,101622,3.6%,2020-01-06
1190122,叶问4：完结篇,1296.78,9.34亿,5,14.1%,72935,3.8%,2020-01-06
1284594,我为你牺牲,1201.90,1.94亿,85,13.0%,2087,100%,2020-01-06
1218273,误杀,1082.69,9.56亿,6,11.7%,57648,4.5%,2020-01-06
1277939,我和我的祖国,740.82,31.01亿,96,8.0%,792,100%,2020-01-06
1303,美丽人生,345.76,2726.7万,4,3.7%,27048,3.8%,2020-01-06
1196202,天使陷落,289.28,4536.1万,5,3.1%,19065,4.7%,2020-01-06
1214142,变身特工,269.09,2805.6万,4,2.9%,24519,2.9%,2020-01-06
1228869,半个喜剧,198.22,1.64亿,5,2.1%,11750,5.0%,2020-01-06
1230121,中国机长,178.56,28.83亿,109,1.9%,203,100%,2020-01-06
1227611,小小的愿望,104.94,2.83亿,132,1.1%,116,100%,2020-01-06
1211270,哪吒之魔童降世,102.65,49.80亿,104,1.1%,153,100%,2020-01-06
1301459,海林都,99.49,3808.2万,106,1.0%,226,100%,2020-01-06
1261203,解放·终局营救,96.73,3482.7万,33,1.0%,603,42.6%,2020-01-06
1243361,烈火英雄,81.35,16.92亿,115,0.8%,115,100%,2020-01-06
1225993,雪人奇缘,81.34,1.21亿,81,0.8%,115,100%,2020-01-06
1238837,天·火,80.46,1.66亿,33,0.8%,349,64.4%,2020-01-06
248906,流浪地球,76.91,46.58亿,118,0.8%,90,100%,2020-01-06
1291012,为爱重生,66.17,2374.1万,33,0.7%,268,100%,2020-01-06
1215114,廉政风云,59.33,1.17亿,140,0.6%,47,100%,2020-01-06
1298827,亲爱的新年好,52.29,6011.0万,2,0.5%,11049,1.4%,2020-01-06
443387,星球大战：天行者崛起,48.76,1.35亿,3,0.5%,3714,1.8%,2020-01-06
1218029,少年的你,48.60,15.55亿,94,0.5%,81,100%,2020-01-06
247949,冰雪奇缘2,47.87,8.37亿,4,0.5%,4499,3.2%,2020-01-06
1301018,变化中的中国·生活因你而火热,44.32,851.0万,61,0.4%,49,100%,2020-01-06
1297995,只有芸知道,43.84,1.56亿,3,0.4%,4485,3.2%,2020-01-06
344869,疯狂的外星人,37.36,22.11亿,92,0.4%,48,100%,2020-01-06
1228776,下一任：前任,32.51,1.36亿,77,0.3%,61,100%,2020-01-06
1237279,特警队,30.93,5393.5万,3,0.3%,4100,2.4%,2020-01-06
345797,猪八戒传说,29.16,6527.6万,125,0.3%,39,--,2020-01-06
248172,复仇者联盟4：终局之战,26.75,42.49亿,86,0.2%,44,100%,2020-01-06
346640,长安道,26.19,2595.5万,69,0.2%,58,--,2020-01-06
1218091,飞驰人生,25.62,17.18亿,87,0.2%,48,100%,2020-01-06
1242130,古田军号,25.43,4903.8万,91,0.2%,28,100%,2020-01-06
1250700,攀登者,23.27,10.87亿,70,0.2%,41,100%,2020-01-06
1243904,动物出击,19.78,381.0万,282,0.2%,6,--,2020-01-06
1218141,扫毒2天地对决,18.67,13.09亿,90,0.2%,21,98.3%,2020-01-06
1211727,反贪风暴4,16.59,7.98亿,97,0.1%,19,94.2%,2020-01-06
346690,你是凶手,15.18,4825.0万,59,0.1%,40,100%,2020-01-06
1229534,银河补习班,12.89,8.71亿,86,0.1%,21,100%,2020-01-06
1260459,赛尔号大电影7：疯狂机器城,10.58,2893.7万,49,0.1%,27,100%,2020-01-06
580298,新喜剧之王,9.87,6.26亿,100,0.1%,15,100%,2020-01-06
1213175,在乎你,9.45,897.9万,135,0.1%,10,--,2020-01-06
1211698,碟仙,9.27,5569.5万,100,0.1%,13,--,2020-01-06
1277644,两只老虎,9.11,2.24亿,17,<0.1%,79,27.1%,2020-01-06
1197417,使徒行者2：谍影行动,8.72,7.01亿,78,<0.1%,19,100%,2020-01-06
1216383,比悲伤更悲伤的故事,8.36,9.55亿,83,<0.1%,17,100%,2020-01-06
336934,横财局中局,7.59,437.1万,13,<0.1%,136,16.9%,2020-01-06
1301695,城市的星空,7.53,38.4万,189,<0.1%,5,100%,2020-01-06
1212492,老师·好,6.83,3.54亿,70,<0.1%,15,100%,2020-01-06
1277527,那时风华,6.83,1403.5万,8,<0.1%,217,10.3%,2020-01-06
1302100,刑场上的婚礼,6.78,64.6万,31,<0.1%,65,35.4%,2020-01-06
1206836,神探蒲松龄,6.68,1.54亿,51,<0.1%,22,100%,2020-01-06
1215605,速度与激情：特别行动,6.40,14.32亿,48,<0.1%,18,46.5%,2020-01-06
345397,催眠·裁决,6.28,9788.1万,50,<0.1%,25,100%,2020-01-06
1213293,小羊肖恩2：末日农场,5.61,1604.1万,1,<0.1%,2018,0.9%,2020-01-06
1198925,蜘蛛侠：英雄远征,5.54,14.17亿,50,<0.1%,14,47.6%,2020-01-06
1203825,唐顿庄园,4.83,2228.5万,4,<0.1%,337,4.7%,2020-01-06
1243239,熊出没·原始时代,4.69,7.14亿,79,<0.1%,10,100%,2020-01-06
1235560,白蛇：缘起,4.27,4.37亿,79,<0.1%,9,100%,2020-01-06
1250610,乡村青年,4.15,940.3万,71,<0.1%,8,100%,2020-01-06
378256,美丽人生,4.02,41.7万,4,<0.1%,372,--,2020-01-06
1203046,坂本龙一：终曲,3.97,457.3万,4,<0.1%,293,4.0%,2020-01-06
1163219,决战中途岛,3.86,2.94亿,9,<0.1%,97,12.0%,2020-01-06
246061,哥斯拉2：怪兽之王,3.76,9.37亿,53,<0.1%,11,68.7%,2020-01-06
1301296,野猪,3.74,15.4万,46,<0.1%,28,52.2%,2020-01-06
1258163,利刃出鞘,3.63,1.99亿,5,<0.1%,195,5.1%,2020-01-06
1250662,大约在冬季,3.59,2.27亿,17,<0.1%,32,24.7%,2020-01-06
1299333,鹭世界,3.46,113.8万,3,<0.1%,434,2.9%,2020-01-06
1242431,最好的我们,3.07,4.16亿,39,<0.1%,13,100%,2020-01-06
1133527,阳光夏令营,3.04,15.9万,38,<0.1%,10,--,2020-01-06
1206875,大黄蜂,2.85,11.49亿,47,<0.1%,9,100%,2020-01-06
341139,惊奇队长,2.82,10.35亿,60,<0.1%,9,85.0%,2020-01-06
1278147,古窑迷踪,2.70,70.3万,2,<0.1%,586,1.9%,2020-01-06
360504,诛仙Ⅰ,2.56,4.04亿,40,<0.1%,10,100%,2020-01-06
346629,大侦探皮卡丘,2.39,6.39亿,53,<0.1%,8,64.2%,2020-01-06
1220833,燃点,2.11,844.9万,71,<0.1%,2,--,2020-01-06
1229688,看不见的小孩,2.00,1923.7万,100,<0.1%,2,--,2020-01-06
1174518,“大”人物,1.96,3.80亿,84,<0.1%,3,100%,2020-01-06
410629,阿丽塔：战斗天使,1.90,8.96亿,50,<0.1%,6,--,2020-01-06
1208595,麦子的盖头,1.83,325.2万,14,<0.1%,33,16.4%,2020-01-06
344262,一吻定情,1.74,1.73亿,62,<0.1%,3,63.2%,2020-01-06
1290390,民警攻略,1.69,377.1万,115,<0.1%,5,90.1%,2020-01-06
78826,龙之谷：破晓奇兵,1.58,5748.0万,2,<0.1%,397,1.2%,2020-01-06
1218727,何以为家,1.56,3.74亿,38,<0.1%,7,64.1%,2020-01-06
342146,犯罪现场,1.50,2.54亿,75,<0.1%,3,86.8%,2020-01-06
334625,美食大冒险之英雄烩,1.46,996.7万,73,<0.1%,4,--,2020-01-06
1189879,狮子王,1.42,8.33亿,24,<0.1%,9,33.5%,2020-01-06
1218215,追龙Ⅱ,1.40,3.09亿,36,<0.1%,6,52.5%,2020-01-06
247730,终结者：黑暗命运,1.35,3.55亿,41,<0.1%,6,93.8%,2020-01-06
341823,罗宾汉：起源,1.24,432.9万,1,<0.1%,452,1.0%,2020-01-06
1207254,鼠胆英雄,1.24,1.01亿,8,<0.1%,26,7.4%,2020-01-06
1250952,天气之子,1.16,2.88亿,49,<0.1%,4,75.6%,2020-01-06
346409,尼斯大冒险,1.12,439.7万,1,<0.1%,462,1.1%,2020-01-06
1301580,铁血阳泉,1.03,72.4万,14,<0.1%,24,20.8%,2020-01-06
1279731,宠爱,1696.40,4.73亿,5,19.0%,100311,3.4%,2020-01-07
1190122,叶问4：完结篇,1290.71,9.47亿,6,14.4%,73288,3.8%,2020-01-07
1284594,我为你牺牲,1288.89,2.07亿,87,14.4%,2416,100%,2020-01-07
1218273,误杀,1089.39,9.67亿,6,12.2%,58241,4.5%,2020-01-07
1277939,我和我的祖国,656.67,31.08亿,97,7.3%,817,100%,2020-01-07
1214142,变身特工,348.62,3154.1万,5,3.9%,23907,4.0%,2020-01-07
1303,美丽人生,340.04,3066.6万,5,3.8%,26520,3.9%,2020-01-07
1196202,天使陷落,284.36,4820.4万,5,3.1%,19545,4.5%,2020-01-07
1228869,半个喜剧,201.04,1.66亿,5,2.2%,12101,4.9%,2020-01-07
1240752,小Q,120.03,1.13亿,103,1.3%,196,--,2020-01-07
1238837,天·火,100.44,1.67亿,28,1.1%,349,50.5%,2020-01-07
1227611,小小的愿望,98.82,2.84亿,116,1.1%,124,100%,2020-01-07
1225993,雪人奇缘,92.57,1.21亿,132,1.0%,91,100%,2020-01-07
1301459,海林都,84.32,3892.5万,98,0.9%,205,100%,2020-01-07
248906,流浪地球,80.31,46.59亿,98,0.9%,107,100%,2020-01-07
1261203,解放·终局营救,80.26,3563.0万,32,0.9%,563,35.4%,2020-01-07
1228776,下一任：前任,79.00,1.37亿,84,0.8%,132,100%,2020-01-07
1211270,哪吒之魔童降世,72.95,49.81亿,87,0.8%,152,100%,2020-01-07
1230121,中国机长,70.83,28.84亿,86,0.7%,132,100%,2020-01-07
247949,冰雪奇缘2,64.27,8.38亿,5,0.7%,4623,4.4%,2020-01-07
1243361,烈火英雄,60.92,16.93亿,125,0.6%,85,100%,2020-01-07
1301018,变化中的中国·生活因你而火热,52.42,903.4万,51,0.5%,72,100%,2020-01-07
1298827,亲爱的新年好,51.64,6062.7万,2,0.5%,10303,1.6%,2020-01-07
443387,星球大战：天行者崛起,51.20,1.36亿,4,0.5%,3684,2.0%,2020-01-07
1215114,廉政风云,48.66,1.18亿,92,0.5%,81,100%,2020-01-07
1297995,只有芸知道,41.71,1.57亿,3,0.4%,4517,3.1%,2020-01-07
1237279,特警队,33.00,5426.5万,3,0.3%,4181,2.5%,2020-01-07
345797,猪八戒传说,28.32,6555.9万,125,0.3%,38,--,2020-01-07
1218029,少年的你,23.36,15.55亿,103,0.2%,50,100%,2020-01-07
1218091,飞驰人生,23.24,17.18亿,78,0.2%,38,100%,2020-01-07
1206836,神探蒲松龄,23.10,1.54亿,82,0.2%,47,--,2020-01-07
345397,催眠·裁决,20.15,9808.3万,64,0.2%,78,100%,2020-01-07
1250700,攀登者,19.30,10.88亿,77,0.2%,40,100%,2020-01-07
344869,疯狂的外星人,17.20,22.11亿,95,0.1%,30,100%,2020-01-07
336934,横财局中局,13.49,450.6万,22,0.1%,136,27.1%,2020-01-07
248172,复仇者联盟4：终局之战,11.91,42.49亿,70,0.1%,21,100%,2020-01-07
1260459,赛尔号大电影7：疯狂机器城,11.04,2904.7万,71,0.1%,21,--,2020-01-07
1302100,刑场上的婚礼,10.93,75.5万,34,0.1%,97,35.7%,2020-01-07
1213175,在乎你,9.45,907.4万,135,0.1%,10,--,2020-01-07
1291012,为爱重生,8.24,2382.3万,13,<0.1%,222,100%,2020-01-07
1215605,速度与激情：特别行动,8.06,14.32亿,77,<0.1%,15,100%,2020-01-07
1218141,扫毒2天地对决,6.98,13.09亿,72,<0.1%,15,100%,2020-01-07
1277527,那时风华,6.71,1410.2万,8,<0.1%,228,9.9%,2020-01-07
1213293,小羊肖恩2：末日农场,6.33,1610.5万,2,<0.1%,1936,1.2%,2020-01-07
1235560,白蛇：缘起,5.93,4.37亿,26,<0.1%,33,100%,2020-01-07
1250610,乡村青年,5.25,945.5万,94,<0.1%,8,100%,2020-01-07
1203825,唐顿庄园,5.12,2233.7万,4,<0.1%,363,4.5%,2020-01-07
346690,你是凶手,3.96,4829.0万,22,<0.1%,28,--,2020-01-07
1206875,大黄蜂,3.96,11.49亿,79,<0.1%,8,100%,2020-01-07
1301296,野猪,3.94,19.4万,50,<0.1%,27,54.7%,2020-01-07
1203046,坂本龙一：终曲,3.85,461.2万,4,<0.1%,300,3.8%,2020-01-07
1198925,蜘蛛侠：英雄远征,3.75,14.17亿,80,<0.1%,8,100%,2020-01-07
1216383,比悲伤更悲伤的故事,3.54,9.55亿,60,<0.1%,11,100%,2020-01-07
1258163,利刃出鞘,3.51,1.99亿,5,<0.1%,203,4.9%,2020-01-07
1163219,决战中途岛,3.45,2.94亿,9,<0.1%,100,10.9%,2020-01-07
378256,美丽人生,3.40,45.1万,4,<0.1%,339,--,2020-01-07
1211727,反贪风暴4,3.36,7.98亿,80,<0.1%,9,100%,2020-01-07
246061,哥斯拉2：怪兽之王,3.30,9.37亿,50,<0.1%,10,100%,2020-01-07
1133527,阳光夏令营,3.04,18.9万,38,<0.1%,10,--,2020-01-07
1278147,古窑迷踪,2.64,73.0万,2,<0.1%,580,1.9%,2020-01-07
1206605,绿皮书,2.29,4.78亿,38,<0.1%,13,74.5%,2020-01-07
1299333,鹭世界,2.26,116.0万,2,<0.1%,450,1.8%,2020-01-07
1212492,老师·好,2.12,3.54亿,50,<0.1%,7,100%,2020-01-07
346640,长安道,2.02,2597.5万,88,<0.1%,5,--,2020-01-07
410629,阿丽塔：战斗天使,1.76,8.96亿,57,<0.1%,5,78.8%,2020-01-07
341139,惊奇队长,1.63,10.35亿,47,<0.1%,6,100%,2020-01-07
580298,新喜剧之王,1.59,6.26亿,64,<0.1%,7,100%,2020-01-07
1218474,狐踪谍影,1.56,1.5万,82,<0.1%,5,87.0%,2020-01-07
1243239,熊出没·原始时代,1.56,7.14亿,54,<0.1%,7,100%,2020-01-07
341823,罗宾汉：起源,1.52,434.4万,2,<0.1%,434,1.3%,2020-01-07
346409,尼斯大冒险,1.50,441.2万,2,<0.1%,480,1.3%,2020-01-07
1197417,使徒行者2：谍影行动,1.38,7.01亿,46,<0.1%,7,100%,2020-01-07
1277982,决胜时刻,1.26,1.19亿,27,<0.1%,5,33.5%,2020-01-07
1208595,麦子的盖头,1.13,326.4万,8,<0.1%,35,8.6%,2020-01-07
1250662,大约在冬季,1.13,2.27亿,7,<0.1%,26,9.3%,2020-01-07
78826,龙之谷：破晓奇兵,1.10,5749.1万,2,<0.1%,382,1.1%,2020-01-07
1189879,狮子王,1.01,8.33亿,54,<0.1%,4,100%,2020-01-07
1212608,站住！小偷,1.00,13.8万,4,<0.1%,92,5.3%,2020-01-07
343720,后来的我们,1.00,13.61亿,200,<0.1%,1,61.7%,2020-01-07
248933,功夫瑜伽,1.00,17.48亿,200,<0.1%,1,61.7%,2020-01-07
1279731,宠爱,1745.06,4.91亿,6,20.1%,98596,3.6%,2020-01-08
1190122,叶问4：完结篇,1370.57,9.61亿,6,15.8%,73427,4.0%,2020-01-08
1218273,误杀,1168.00,9.79亿,6,13.4%,58876,4.8%,2020-01-08
1284594,我为你牺牲,1043.29,2.17亿,64,12.0%,1811,100%,2020-01-08
1277939,我和我的祖国,505.75,31.13亿,94,5.8%,716,100%,2020-01-08
1214142,变身特工,445.52,3599.6万,6,5.1%,24517,5.0%,2020-01-08
1303,美丽人生,337.93,3404.5万,5,3.9%,25681,4.0%,2020-01-08
1196202,天使陷落,258.88,5079.3万,5,2.9%,19697,4.0%,2020-01-08
1228869,半个喜剧,210.85,1.68亿,5,2.4%,12333,5.0%,2020-01-08
1206836,神探蒲松龄,166.15,1.56亿,118,1.9%,181,100%,2020-01-08
1211270,哪吒之魔童降世,122.37,49.82亿,87,1.4%,182,100%,2020-01-08
1228776,下一任：前任,103.56,1.38亿,94,1.1%,131,100%,2020-01-08
247949,冰雪奇缘2,100.12,8.39亿,6,1.1%,5299,6.0%,2020-01-08
1238837,天·火,92.32,1.68亿,36,1.0%,314,54.3%,2020-01-08
1301459,海林都,82.51,3975.0万,103,0.9%,188,100%,2020-01-08
1230121,中国机长,76.87,28.85亿,74,0.8%,136,100%,2020-01-08
319904,盛世秧歌,73.36,1949.2万,88,0.8%,42,--,2020-01-08
1261203,解放·终局营救,71.48,3634.5万,31,0.8%,530,34.0%,2020-01-08
443387,星球大战：天行者崛起,62.84,1.36亿,4,0.7%,3697,2.4%,2020-01-08
1225993,雪人奇缘,50.75,1.22亿,77,0.5%,67,100%,2020-01-08
1298827,亲爱的新年好,50.06,6112.7万,2,0.5%,9713,1.6%,2020-01-08
1297995,只有芸知道,40.27,1.57亿,3,0.4%,4465,3.1%,2020-01-08
1237279,特警队,30.65,5457.2万,3,0.3%,4230,2.3%,2020-01-08
1239844,钢铁飞龙之奥特曼崛起,23.04,4082.4万,96,0.2%,4,100.0%,2020-01-08
1301018,变化中的中国·生活因你而火热,21.83,925.2万,49,0.2%,29,100%,2020-01-08
1250700,攀登者,20.99,10.88亿,70,0.2%,56,100%,2020-01-08
1215114,廉政风云,20.19,1.18亿,60,0.2%,54,100%,2020-01-08
1302100,刑场上的婚礼,19.27,94.8万,44,0.2%,128,48.1%,2020-01-08
1213186,黄玫瑰,17.70,1049.7万,52,0.2%,7,53.4%,2020-01-08
1235560,白蛇：缘起,15.86,4.37亿,66,0.1%,29,100%,2020-01-08
1243361,烈火英雄,15.55,16.93亿,81,0.1%,21,100%,2020-01-08
1260459,赛尔号大电影7：疯狂机器城,15.41,2920.1万,84,0.1%,27,--,2020-01-08
346640,长安道,15.00,2612.5万,75,0.1%,20,100%,2020-01-08
1277982,决胜时刻,13.04,1.19亿,62,0.1%,20,100%,2020-01-08
1220833,燃点,11.74,856.6万,102,0.1%,8,100%,2020-01-08
1218091,飞驰人生,11.65,17.19亿,77,0.1%,22,100%,2020-01-08
1213293,小羊肖恩2：末日农场,10.01,1620.5万,2,0.1%,2035,1.8%,2020-01-08
1291012,为爱重生,9.73,2392.1万,16,0.1%,219,100%,2020-01-08
1229534,银河补习班,9.19,8.72亿,77,0.1%,20,100%,2020-01-08
1218029,少年的你,8.89,15.56亿,71,0.1%,23,100%,2020-01-08
345397,催眠·裁决,8.86,9817.1万,66,0.1%,22,100%,2020-01-08
1213175,在乎你,8.74,916.1万,157,0.1%,8,--,2020-01-08
1227611,小小的愿望,8.34,2.85亿,101,<0.1%,18,100%,2020-01-08
248906,流浪地球,7.64,46.59亿,55,<0.1%,27,100%,2020-01-08
1218141,扫毒2天地对决,7.14,13.09亿,71,<0.1%,19,100%,2020-01-08
346690,你是凶手,6.96,4836.0万,38,<0.1%,24,--,2020-01-08
345797,猪八戒传说,6.72,6562.6万,140,<0.1%,8,--,2020-01-08
1277527,那时风华,6.63,1416.8万,8,<0.1%,213,9.4%,2020-01-08
1242130,古田军号,6.55,4911.2万,49,<0.1%,17,100%,2020-01-08
1242431,最好的我们,5.89,4.17亿,51,<0.1%,17,100%,2020-01-08
1250610,乡村青年,5.24,950.8万,94,<0.1%,8,100%,2020-01-08
1218215,追龙Ⅱ,4.96,3.09亿,74,<0.1%,10,--,2020-01-08
1203825,唐顿庄园,4.95,2238.6万,4,<0.1%,373,4.4%,2020-01-08
1197417,使徒行者2：谍影行动,4.58,7.01亿,50,<0.1%,12,100%,2020-01-08
1230126,大河唱,4.36,240.2万,39,<0.1%,25,51.5%,2020-01-08
1203046,坂本龙一：终曲,4.14,465.3万,4,<0.1%,307,3.8%,2020-01-08
1258163,利刃出鞘,3.99,1.99亿,5,<0.1%,211,5.2%,2020-01-08
1215605,速度与激情：特别行动,3.94,14.32亿,60,<0.1%,12,--,2020-01-08
344869,疯狂的外星人,3.82,22.11亿,99,<0.1%,8,100%,2020-01-08
1299333,鹭世界,3.77,119.8万,4,<0.1%,422,3.2%,2020-01-08
378256,美丽人生,3.59,48.7万,4,<0.1%,324,--,2020-01-08
1198925,蜘蛛侠：英雄远征,3.36,14.17亿,84,<0.1%,6,--,2020-01-08
1211727,反贪风暴4,3.18,7.98亿,54,<0.1%,6,91.1%,2020-01-08
1133527,阳光夏令营,3.04,21.9万,38,<0.1%,10,--,2020-01-08
1278147,古窑迷踪,2.81,75.8万,2,<0.1%,602,1.9%,2020-01-08
1290390,民警攻略,2.43,379.9万,104,<0.1%,8,97.6%,2020-01-08
1216383,比悲伤更悲伤的故事,2.18,9.55亿,70,<0.1%,5,100%,2020-01-08
1301296,野猪,2.15,21.5万,36,<0.1%,21,55.0%,2020-01-08
341823,罗宾汉：起源,1.97,436.4万,2,<0.1%,484,1.5%,2020-01-08
1212492,老师·好,1.94,3.54亿,43,<0.1%,6,100%,2020-01-08
346409,尼斯大冒险,1.80,443.0万,2,<0.1%,494,1.5%,2020-01-08
1243239,熊出没·原始时代,1.75,7.14亿,63,<0.1%,6,--,2020-01-08
1229697,四个春天,1.74,1137.9万,145,<0.1%,1,--,2020-01-08
246061,哥斯拉2：怪兽之王,1.69,9.37亿,72,<0.1%,4,100%,2020-01-08
410629,阿丽塔：战斗天使,1.59,8.96亿,86,<0.1%,3,100%,2020-01-08
1189879,狮子王,1.50,8.33亿,76,<0.1%,3,100%,2020-01-08
1263074,红星照耀中国,1.35,3171.8万,54,<0.1%,5,--,2020-01-08
1240752,小Q,1.30,1.13亿,57,<0.1%,2,100%,2020-01-08
336934,横财局中局,1.30,451.9万,4,<0.1%,101,4.9%,2020-01-08
341139,惊奇队长,1.21,10.35亿,90,<0.1%,2,81.3%,2020-01-08
78826,龙之谷：破晓奇兵,1.12,5750.3万,2,<0.1%,345,1.2%,2020-01-08
1301580,铁血阳泉,1.09,74.2万,14,<0.1%,26,20.6%,2020-01-08
342903,上海堡垒,1.07,1.23亿,78,<0.1%,1,100.0%,2020-01-08
1206875,大黄蜂,1.06,11.49亿,56,<0.1%,2,45.4%,2020-01-08
1212608,站住！小偷,1.04,14.8万,4,<0.1%,109,5.2%,2020-01-08
1212512,蜘蛛侠：平行宇宙,1.04,4.27亿,39,<0.1%,3,41.3%,2020-01-08
1212,千与千寻,1.03,4.88亿,36,<0.1%,5,100%,2020-01-08
1279731,宠爱,1727.68,5.08亿,6,22.9%,97374,3.6%,2020-01-09
1190122,叶问4：完结篇,1405.84,9.75亿,6,18.6%,73586,4.1%,2020-01-09
1218273,误杀,1172.90,9.91亿,6,15.5%,59139,4.8%,2020-01-09
1284594,我为你牺牲,579.99,2.23亿,48,7.7%,1664,68.2%,2020-01-09
1214142,变身特工,477.75,4077.4万,6,6.3%,25605,5.1%,2020-01-09
1303,美丽人生,326.28,3730.8万,5,4.3%,25012,3.9%,2020-01-09
1196202,天使陷落,244.59,5323.9万,4,3.2%,19591,3.8%,2020-01-09
1277939,我和我的祖国,231.85,31.12亿,90,3.0%,343,100%,2020-01-09
1228869,半个喜剧,200.29,1.70亿,5,2.6%,12342,4.8%,2020-01-09
1206836,神探蒲松龄,144.59,1.57亿,93,1.9%,224,--,2020-01-09
247949,冰雪奇缘2,121.45,8.40亿,7,1.6%,6056,6.3%,2020-01-09
1301459,海林都,81.68,4044.6万,97,1.0%,198,100%,2020-01-09
443387,星球大战：天行者崛起,73.61,1.37亿,5,0.9%,3724,2.9%,2020-01-09
1261203,解放·终局营救,62.24,3696.7万,27,0.8%,521,28.4%,2020-01-09
1238837,天·火,62.11,1.69亿,29,0.8%,319,43.4%,2020-01-09
1230121,中国机长,60.19,28.85亿,79,0.7%,97,100%,2020-01-09
1211270,哪吒之魔童降世,45.09,49.83亿,112,0.5%,64,100%,2020-01-09
1298827,亲爱的新年好,45.07,6157.8万,2,0.5%,9201,1.5%,2020-01-09
1225993,雪人奇缘,38.87,1.22亿,101,0.5%,61,100%,2020-01-09
1297995,只有芸知道,38.50,1.58亿,3,0.5%,4275,3.0%,2020-01-09
1237279,特警队,30.56,5487.8万,3,0.4%,4125,2.4%,2020-01-09
1228776,下一任：前任,26.75,1.38亿,67,0.3%,64,100%,2020-01-09
1302100,刑场上的婚礼,22.06,116.8万,39,0.2%,169,43.8%,2020-01-09
1235560,白蛇：缘起,18.39,4.38亿,79,0.2%,22,100%,2020-01-09
248906,流浪地球,18.14,46.59亿,85,0.2%,30,100%,2020-01-09
1218029,少年的你,16.01,15.54亿,67,0.2%,36,100%,2020-01-09
1260459,赛尔号大电影7：疯狂机器城,15.49,2935.6万,69,0.2%,33,--,2020-01-09
1227611,小小的愿望,12.79,2.83亿,106,0.1%,19,--,2020-01-09
1218141,扫毒2天地对决,11.54,13.09亿,82,0.1%,26,100%,2020-01-09
1213293,小羊肖恩2：末日农场,10.96,1631.5万,2,0.1%,2170,1.8%,2020-01-09
1250700,攀登者,10.36,10.88亿,58,0.1%,32,100%,2020-01-09
1216383,比悲伤更悲伤的故事,10.03,9.55亿,63,0.1%,14,--,2020-01-09
1230126,大河唱,9.57,249.7万,52,0.1%,43,51.3%,2020-01-09
1277527,那时风华,8.52,1425.3万,11,0.1%,214,13.5%,2020-01-09
345397,催眠·裁决,8.27,9825.4万,12,0.1%,20,17.0%,2020-01-09
1291012,为爱重生,8.09,2400.2万,14,0.1%,207,100%,2020-01-09
1218091,飞驰人生,7.42,17.19亿,88,<0.1%,14,100%,2020-01-09
1243361,烈火英雄,6.99,16.93亿,79,<0.1%,19,100%,2020-01-09
344869,疯狂的外星人,6.22,22.09亿,76,<0.1%,14,100%,2020-01-09
1298938,熊出没·狂野大陆,6.16,1405.9万,220,<0.1%,4,--,2020-01-09
1250610,乡村青年,5.30,956.1万,95,<0.1%,8,100%,2020-01-09
1203825,唐顿庄园,5.27,2243.9万,4,<0.1%,366,4.9%,2020-01-09
1213197,很有态度,5.03,5.8万,90,<0.1%,10,64.0%,2020-01-09
1299333,鹭世界,4.41,124.2万,5,<0.1%,403,3.7%,2020-01-09
1201272,为家而战,4.40,4.4万,7,<0.1%,228,5.8%,2020-01-09
1258163,利刃出鞘,4.08,1.99亿,5,<0.1%,200,5.9%,2020-01-09
1203046,坂本龙一：终曲,4.06,469.4万,4,<0.1%,311,3.8%,2020-01-09
1281095,紫罗兰永恒花园 外传：永远与自动手记人偶,3.95,30.6万,14,<0.1%,91,11.9%,2020-01-09
1229534,银河补习班,3.87,8.72亿,57,<0.1%,15,100%,2020-01-09
580298,新喜剧之王,3.55,6.26亿,73,<0.1%,10,100%,2020-01-09
248172,复仇者联盟4：终局之战,3.48,42.49亿,40,<0.1%,14,--,2020-01-09
1242431,最好的我们,3.24,4.14亿,63,<0.1%,10,100%,2020-01-09
1133527,阳光夏令营,3.04,25.0万,38,<0.1%,10,--,2020-01-09
378256,美丽人生,2.97,51.6万,4,<0.1%,325,--,2020-01-09
1211727,反贪风暴4,2.96,7.98亿,58,<0.1%,11,100%,2020-01-09
1290390,民警攻略,2.90,382.8万,92,<0.1%,11,87.5%,2020-01-09
1278147,古窑迷踪,2.36,78.2万,2,<0.1%,581,1.7%,2020-01-09
1250662,大约在冬季,2.22,2.27亿,18,<0.1%,26,31.2%,2020-01-09
346409,尼斯大冒险,2.09,445.1万,2,<0.1%,564,1.5%,2020-01-09
1233150,小猪佩奇过大年,2.03,1.25亿,55,<0.1%,7,--,2020-01-09
1218215,追龙Ⅱ,1.85,3.09亿,59,<0.1%,5,100%,2020-01-09
346640,长安道,1.84,2614.3万,115,<0.1%,4,--,2020-01-09
1250690,受益人,1.75,2.19亿,34,<0.1%,3,--,2020-01-09
1212608,站住！小偷,1.68,16.5万,5,<0.1%,124,6.4%,2020-01-09
346629,大侦探皮卡丘,1.66,6.39亿,54,<0.1%,5,100%,2020-01-09
1197417,使徒行者2：谍影行动,1.66,7.01亿,67,<0.1%,4,--,2020-01-09
341823,罗宾汉：起源,1.65,438.0万,2,<0.1%,453,1.4%,2020-01-09
1215114,廉政风云,1.61,1.18亿,29,<0.1%,20,28.2%,2020-01-09
1242130,古田军号,1.60,4871.3万,30,<0.1%,11,100%,2020-01-09
1263228,芬芳,1.49,67.3万,167,<0.1%,2,--,2020-01-09
410629,阿丽塔：战斗天使,1.49,8.96亿,54,<0.1%,4,100%,2020-01-09
1189879,狮子王,1.38,8.32亿,50,<0.1%,4,--,2020-01-09
1301580,铁血阳泉,1.37,75.6万,17,<0.1%,27,23.0%,2020-01-09
78826,龙之谷：破晓奇兵,1.29,5751.6万,2,<0.1%,338,1.5%,2020-01-09
1243239,熊出没·原始时代,1.29,7.14亿,38,<0.1%,5,100%,2020-01-09
336934,横财局中局,1.26,453.2万,4,<0.1%,99,5.2%,2020-01-09
418207,理查德·朱维尔的哀歌,1.24,1.2万,104,<0.1%,2,100.0%,2020-01-09
1298853,致敬英雄,1.13,2.0万,41,<0.1%,9,31.4%,2020-01-09
1279731,宠爱,1705.60,5.25亿,9,17.0%,60405,5.9%,2020-01-10
1190122,叶问4：完结篇,1498.24,9.90亿,9,14.9%,48221,6.4%,2020-01-10
1218273,误杀,1259.72,10.03亿,10,12.5%,39033,7.0%,2020-01-10
1219754,鲨海逃生,1125.88,1126.0万,6,11.2%,66205,4.8%,2020-01-10
1281095,紫罗兰永恒花园 外传：永远与自动手记人偶,887.57,918.1万,7,8.8%,46251,5.8%,2020-01-10
1201272,为家而战,852.27,856.6万,4,8.5%,77990,2.6%,2020-01-10
1284594,我为你牺牲,555.89,2.28亿,81,5.5%,673,100%,2020-01-10
1214142,变身特工,326.25,4403.6万,9,3.2%,10370,8.7%,2020-01-10
1298853,致敬英雄,156.44,158.5万,6,1.5%,3816,5.9%,2020-01-10
1303,美丽人生,154.80,3885.6万,10,1.5%,4574,10.4%,2020-01-10
1206836,神探蒲松龄,149.40,1.59亿,88,1.4%,238,--,2020-01-10
1277939,我和我的祖国,134.58,31.14亿,82,1.3%,240,100%,2020-01-10
247949,冰雪奇缘2,101.18,8.41亿,9,1.0%,3817,8.3%,2020-01-10
1228869,半个喜剧,87.71,1.71亿,8,0.8%,3183,8.4%,2020-01-10
1196202,天使陷落,86.33,5410.2万,6,0.8%,4609,5.8%,2020-01-10
1218474,狐踪谍影,66.77,68.3万,2,0.6%,11115,1.9%,2020-01-10
1301459,海林都,60.54,4105.1万,103,0.6%,131,100%,2020-01-10
443387,星球大战：天行者崛起,60.01,1.38亿,8,0.5%,1649,3.8%,2020-01-10
1255359,别告诉她,58.66,95.0万,4,0.5%,4721,3.3%,2020-01-10
1225993,雪人奇缘,57.19,1.22亿,113,0.5%,84,100%,2020-01-10
1227611,小小的愿望,53.62,2.84亿,125,0.5%,69,100%,2020-01-10
1261203,解放·终局营救,48.64,3745.4万,61,0.4%,182,59.0%,2020-01-10
1302100,刑场上的婚礼,38.12,155.0万,56,0.3%,193,67.0%,2020-01-10
1212608,站住！小偷,32.31,48.8万,2,0.3%,7487,1.6%,2020-01-10
1238837,天·火,31.45,1.69亿,29,0.3%,133,52.3%,2020-01-10
418207,理查德·朱维尔的哀歌,29.17,30.4万,5,0.2%,1763,4.3%,2020-01-10
1230121,中国机长,22.87,28.85亿,59,0.2%,59,100%,2020-01-10
1301296,野猪,22.22,44.6万,3,0.2%,3285,2.7%,2020-01-10
1301695,城市的星空,21.90,60.3万,126,0.2%,23,100%,2020-01-10
1211270,哪吒之魔童降世,21.28,49.83亿,132,0.2%,31,100%,2020-01-10
1250700,攀登者,12.97,10.88亿,100,0.1%,21,--,2020-01-10
1297995,只有芸知道,12.74,1.58亿,4,0.1%,967,5.0%,2020-01-10
1228776,下一任：前任,12.35,1.38亿,80,0.1%,29,100%,2020-01-10
1291012,为爱重生,11.25,2411.4万,19,0.1%,223,100%,2020-01-10
1298827,亲爱的新年好,11.16,6169.0万,3,0.1%,1431,2.9%,2020-01-10
1213293,小羊肖恩2：末日农场,11.15,1642.6万,5,0.1%,969,4.5%,2020-01-10
1237279,特警队,10.79,5498.5万,4,0.1%,888,4.8%,2020-01-10
1218029,少年的你,10.44,15.54亿,79,0.1%,18,100%,2020-01-10
1218091,飞驰人生,10.18,17.19亿,120,0.1%,17,--,2020-01-10
1277644,两只老虎,7.59,2.24亿,52,<0.1%,45,100%,2020-01-10
248172,复仇者联盟4：终局之战,7.45,42.49亿,91,<0.1%,13,--,2020-01-10
1286126,守望人,6.80,11.8万,90,<0.1%,29,--,2020-01-10
1299333,鹭世界,6.76,131.0万,18,<0.1%,146,16.2%,2020-01-10
1214809,蕃薯浇米,6.37,6.5万,2,<0.1%,1064,1.5%,2020-01-10
1243361,烈火英雄,6.11,16.93亿,68,<0.1%,12,100%,2020-01-10
1277527,那时风华,6.07,1431.4万,13,<0.1%,121,13.3%,2020-01-10
1229697,四个春天,5.71,1143.7万,119,<0.1%,4,--,2020-01-10
248906,流浪地球,5.42,46.59亿,74,<0.1%,17,--,2020-01-10
1260459,赛尔号大电影7：疯狂机器城,5.25,2940.9万,98,<0.1%,8,--,2020-01-10
1301498,盲舞,5.24,5.2万,101,<0.1%,9,100%,2020-01-10
345797,猪八戒传说,5.20,6567.8万,73,<0.1%,6,--,2020-01-10
599133,无影之镜,4.92,4.9万,1,<0.1%,2902,0.5%,2020-01-10
1133527,阳光夏令营,4.52,29.5万,38,<0.1%,15,100%,2020-01-10
1220833,燃点,4.38,861.0万,122,<0.1%,3,--,2020-01-10
1218141,扫毒2天地对决,4.17,13.09亿,78,<0.1%,9,--,2020-01-10
1250610,乡村青年,4.05,960.1万,44,<0.1%,11,100%,2020-01-10
1290390,民警攻略,3.67,386.5万,88,<0.1%,15,100%,2020-01-10
1278409,巧虎大飞船历险记,3.60,2387.3万,75,<0.1%,4,--,2020-01-10
378256,美丽人生,3.26,54.9万,17,<0.1%,61,--,2020-01-10
346690,你是凶手,3.17,4839.1万,91,<0.1%,7,--,2020-01-10
248803,我和我的小伙伴们,3.16,3.1万,94,<0.1%,12,100%,2020-01-10
1211698,碟仙,2.82,5572.3万,88,<0.1%,5,--,2020-01-10
1301580,铁血阳泉,2.70,78.3万,35,<0.1%,26,33.9%,2020-01-10
1213197,很有态度,2.50,8.3万,95,<0.1%,5,65.5%,2020-01-10
1242431,最好的我们,2.50,4.14亿,39,<0.1%,9,100%,2020-01-10
1216383,比悲伤更悲伤的故事,2.49,9.55亿,86,<0.1%,7,--,2020-01-10
1277982,决胜时刻,2.47,1.19亿,41,<0.1%,17,100%,2020-01-10
1229688,看不见的小孩,2.47,1926.1万,69,<0.1%,3,--,2020-01-10
344869,疯狂的外星人,2.19,22.09亿,56,<0.1%,11,--,2020-01-10
1197417,使徒行者2：谍影行动,2.19,7.01亿,53,<0.1%,6,100%,2020-01-10
1242130,古田军号,2.16,4873.5万,28,<0.1%,18,100%,2020-01-10
1203825,唐顿庄园,2.02,2245.9万,8,<0.1%,72,10.6%,2020-01-10
1215114,廉政风云,2.00,1.18亿,36,<0.1%,22,36.8%,2020-01-10
345397,催眠·裁决,1.98,9827.4万,22,<0.1%,23,100%,2020-01-10
336934,横财局中局,1.90,455.1万,18,<0.1%,32,19.5%,2020-01-10
1174518,“大”人物,1.90,3.80亿,159,<0.1%,3,--,2020-01-10
1301605,生根,1.87,14.5万,36,<0.1%,15,44.0%,2020-01-10
1211727,反贪风暴4,1.85,7.98亿,81,<0.1%,4,100%,2020-01-10
1243239,熊出没·原始时代,1.66,7.14亿,57,<0.1%,7,100%,2020-01-10
1258163,利刃出鞘,1.59,1.99亿,7,<0.1%,60,9.6%,2020-01-10
343329,密林诡影,1.56,14.5万,44,<0.1%,3,--,2020-01-10
346409,尼斯大冒险,1.55,446.7万,3,<0.1%,239,3.0%,2020-01-10
1280015,武圣关公,1.47,2.4万,65,<0.1%,9,59.3%,2020-01-10
1301018,变化中的中国·生活因你而火热,1.45,927.0万,33,<0.1%,11,35.0%,2020-01-10
1229534,银河补习班,1.43,8.72亿,119,<0.1%,3,100%,2020-01-10
1203046,坂本龙一：终曲,1.27,470.7万,6,<0.1%,52,5.1%,2020-01-10
1212492,老师·好,1.19,3.54亿,69,<0.1%,4,100%,2020-01-10
1279731,宠爱,2395.50,5.49亿,11,17.0%,67619,7.0%,2020-01-11
1190122,叶问4：完结篇,2341.49,10.13亿,12,16.6%,57119,8.1%,2020-01-11
1218273,误杀,2256.41,10.26亿,14,16.0%,46300,10.3%,2020-01-11
1298938,熊出没·狂野大陆,1098.20,2504.1万,12,7.8%,27714,9.0%,2020-01-11
1220983,动物特工局,938.72,1088.5万,7,6.6%,44393,6.3%,2020-01-11
1281095,紫罗兰永恒花园 外传：永远与自动手记人偶,822.39,1740.5万,8,5.8%,36372,6.5%,2020-01-11
1219754,鲨海逃生,765.38,1891.4万,7,5.4%,39416,5.6%,2020-01-11
1284594,我为你牺牲,570.51,2.34亿,98,4.0%,649,100%,2020-01-11
1214142,变身特工,560.30,4963.9万,14,3.9%,10837,12.6%,2020-01-11
1201272,为家而战,340.83,1197.5万,3,2.4%,40442,2.0%,2020-01-11
1303,美丽人生,320.68,4206.3万,16,2.2%,6078,15.3%,2020-01-11
1228869,半个喜剧,185.08,1.73亿,13,1.3%,4056,13.1%,2020-01-11
247949,冰雪奇缘2,180.36,8.43亿,11,1.2%,4949,10.4%,2020-01-11
1196202,天使陷落,180.18,5590.4万,10,1.2%,5367,9.4%,2020-01-11
443387,星球大战：天行者崛起,119.13,1.39亿,12,0.8%,2060,6.2%,2020-01-11
1277939,我和我的祖国,96.51,31.15亿,74,0.6%,115,100%,2020-01-11
1255359,别告诉她,75.46,170.5万,7,0.5%,2902,6.5%,2020-01-11
1206836,神探蒲松龄,72.53,1.59亿,95,0.5%,106,--,2020-01-11
1301459,海林都,60.64,4165.8万,110,0.4%,121,100%,2020-01-11
418207,理查德·朱维尔的哀歌,58.72,89.1万,8,0.4%,2147,7.1%,2020-01-11
1261203,解放·终局营救,43.12,3788.5万,57,0.3%,173,66.0%,2020-01-11
1211270,哪吒之魔童降世,41.41,49.83亿,108,0.2%,56,100%,2020-01-11
1299333,鹭世界,40.77,171.8万,32,0.2%,453,26.5%,2020-01-11
248906,流浪地球,35.32,46.60亿,91,0.2%,50,100%,2020-01-11
1228776,下一任：前任,29.95,1.39亿,144,0.2%,35,--,2020-01-11
1301695,城市的星空,29.38,89.7万,98,0.2%,39,100%,2020-01-11
1230121,中国机长,28.86,28.85亿,72,0.2%,53,--,2020-01-11
1297995,只有芸知道,22.24,1.58亿,6,0.1%,1137,6.7%,2020-01-11
1301296,野猪,21.29,65.9万,3,0.1%,2649,3.1%,2020-01-11
1250700,攀登者,18.29,10.88亿,84,0.1%,31,--,2020-01-11
1291012,为爱重生,16.61,2428.0万,28,0.1%,215,100%,2020-01-11
1237279,特警队,15.63,5514.2万,5,0.1%,936,6.4%,2020-01-11
1280015,武圣关公,14.12,16.5万,2,0.1%,3045,1.6%,2020-01-11
1212608,站住！小偷,13.54,62.4万,3,<0.1%,2159,2.7%,2020-01-11
1213293,小羊肖恩2：末日农场,13.15,1655.8万,6,<0.1%,886,5.9%,2020-01-11
1217041,南方车站的聚会,10.81,2.02亿,18,<0.1%,61,26.4%,2020-01-11
1298827,亲爱的新年好,10.71,6179.7万,3,<0.1%,1262,3.1%,2020-01-11
1218474,狐踪谍影,10.19,78.5万,2,<0.1%,1709,2.1%,2020-01-11
1225993,雪人奇缘,9.68,1.22亿,199,<0.1%,12,100%,2020-01-11
1301498,盲舞,8.27,13.5万,79,<0.1%,18,100%,2020-01-11
1238837,天·火,8.16,1.69亿,11,<0.1%,144,21.8%,2020-01-11
1286126,守望人,7.90,19.7万,91,<0.1%,33,--,2020-01-11
344869,疯狂的外星人,7.74,22.09亿,82,<0.1%,12,100%,2020-01-11
1298853,致敬英雄,7.43,165.9万,7,<0.1%,332,7.4%,2020-01-11
1203825,唐顿庄园,7.32,2253.2万,14,<0.1%,123,19.1%,2020-01-11
1235560,白蛇：缘起,7.16,4.38亿,94,<0.1%,14,100%,2020-01-11
248803,我和我的小伙伴们,6.73,9.8万,143,<0.1%,16,100%,2020-01-11
1263104,中华熊猫,6.64,6.6万,6,<0.1%,412,5.2%,2020-01-11
1258163,利刃出鞘,6.39,1.99亿,14,<0.1%,104,16.5%,2020-01-11
1302015,士兵顺溜：兵王争锋,6.38,7.1万,4,<0.1%,576,3.6%,2020-01-11
378256,美丽人生,5.66,60.6万,16,<0.1%,107,--,2020-01-11
1260459,赛尔号大电影7：疯狂机器城,5.25,2946.1万,98,<0.1%,8,--,2020-01-11
1218091,飞驰人生,4.54,17.19亿,76,<0.1%,11,--,2020-01-11
1206875,大黄蜂,4.30,11.48亿,92,<0.1%,5,100%,2020-01-11
1214809,蕃薯浇米,3.95,10.5万,13,<0.1%,100,12.5%,2020-01-11
1215605,速度与激情：特别行动,3.76,14.32亿,70,<0.1%,6,100%,2020-01-11
1302042,那人那事,3.52,4.4万,5,<0.1%,242,4.6%,2020-01-11
1203046,坂本龙一：终曲,3.47,474.2万,10,<0.1%,82,9.9%,2020-01-11
1218029,少年的你,3.42,15.54亿,34,<0.1%,13,--,2020-01-11
1229697,四个春天,3.30,1147.0万,69,<0.1%,4,--,2020-01-11
1302313,阳光下的少年之我的无色世界,3.01,3.6万,1,<0.1%,4031,0.2%,2020-01-11
1218141,扫毒2天地对决,3.00,13.09亿,50,<0.1%,6,--,2020-01-11
1243361,烈火英雄,3.00,16.93亿,67,<0.1%,7,100%,2020-01-11
1215114,廉政风云,2.93,1.18亿,48,<0.1%,23,46.8%,2020-01-11
1277527,那时风华,2.78,1434.2万,20,<0.1%,32,12.5%,2020-01-11
1220833,燃点,2.62,863.7万,73,<0.1%,3,--,2020-01-11
345797,猪八戒传说,2.49,6570.3万,35,<0.1%,6,--,2020-01-11
1213197,很有态度,2.45,10.8万,78,<0.1%,6,62.3%,2020-01-11
1242431,最好的我们,2.34,4.14亿,91,<0.1%,4,--,2020-01-11
346409,尼斯大冒险,2.06,448.7万,5,<0.1%,168,5.4%,2020-01-11
1298416,妈妈我想你,2.00,129.8万,112,<0.1%,9,93.6%,2020-01-11
336934,横财局中局,1.93,457.0万,20,<0.1%,29,23.5%,2020-01-11
1278409,巧虎大飞船历险记,1.88,2389.1万,40,<0.1%,4,--,2020-01-11
1250610,乡村青年,1.70,961.8万,28,<0.1%,7,100%,2020-01-11
1227611,小小的愿望,1.67,2.84亿,84,<0.1%,3,--,2020-01-11
1236504,正正的世界,1.62,234.0万,136,<0.1%,4,100%,2020-01-11
1211698,碟仙,1.57,5573.9万,44,<0.1%,3,--,2020-01-11
1278147,古窑迷踪,1.52,80.6万,3,<0.1%,210,3.1%,2020-01-11
599133,无影之镜,1.47,6.3万,2,<0.1%,395,1.0%,2020-01-11
580298,新喜剧之王,1.46,6.26亿,183,<0.1%,2,--,2020-01-11
1240752,小Q,1.41,1.13亿,353,<0.1%,1,--,2020-01-11
248172,复仇者联盟4：终局之战,1.37,42.49亿,82,<0.1%,3,81.6%,2020-01-11
487449,心灵的阳光,1.04,1228.5万,37,<0.1%,9,--,2020-01-11
1302084,沂蒙之恋,1.00,1.3万,40,<0.1%,10,54.0%,2020-01-11
1218273,误杀,2147.47,10.47亿,12,17.6%,52842,8.8%,2020-01-12
1190122,叶问4：完结篇,2129.95,10.35亿,10,17.4%,62193,6.8%,2020-01-12
1279731,宠爱,2074.23,5.70亿,9,17.0%,70940,5.8%,2020-01-12
1298938,熊出没·狂野大陆,1079.14,3583.3万,11,8.8%,28586,8.5%,2020-01-12
1281095,紫罗兰永恒花园 外传：永远与自动手记人偶,628.32,2368.9万,6,5.1%,34040,5.4%,2020-01-12
1214142,变身特工,600.40,5564.3万,13,4.9%,13429,10.8%,2020-01-12
1219754,鲨海逃生,582.55,2474.0万,6,4.7%,36989,4.7%,2020-01-12
1220983,动物特工局,550.01,1638.6万,6,4.5%,29145,5.6%,2020-01-12
1303,美丽人生,306.94,4513.3万,12,2.5%,7548,11.5%,2020-01-12
1284594,我为你牺牲,253.75,2.37亿,83,2.0%,535,100%,2020-01-12
247949,冰雪奇缘2,212.47,8.45亿,10,1.7%,6398,9.5%,2020-01-12
1228869,半个喜剧,190.01,1.75亿,11,1.5%,5028,10.7%,2020-01-12
1196202,天使陷落,173.93,5764.3万,8,1.4%,6442,7.5%,2020-01-12
1201272,为家而战,167.37,1364.8万,2,1.3%,29300,1.4%,2020-01-12
1282915,寻找兰小草,145.07,157.9万,11,1.1%,145,20.3%,2020-01-12
443387,星球大战：天行者崛起,102.18,1.40亿,10,0.8%,2328,5.2%,2020-01-12
418207,理查德·朱维尔的哀歌,71.71,160.8万,9,0.5%,2172,8.9%,2020-01-12
1301459,海林都,65.10,4230.9万,106,0.5%,132,100%,2020-01-12
1255359,别告诉她,64.63,235.1万,6,0.5%,2830,5.7%,2020-01-12
1299333,鹭世界,58.41,230.2万,27,0.4%,768,21.6%,2020-01-12
1206836,神探蒲松龄,54.78,1.60亿,81,0.4%,97,--,2020-01-12
1277939,我和我的祖国,52.20,31.15亿,54,0.4%,123,100%,2020-01-12
1261203,解放·终局营救,40.76,3829.2万,60,0.3%,148,52.4%,2020-01-12
1230121,中国机长,39.11,28.86亿,79,0.3%,50,100%,2020-01-12
1298853,致敬英雄,33.64,199.5万,14,0.2%,335,15.6%,2020-01-12
1297995,只有芸知道,23.74,1.58亿,5,0.1%,1368,5.9%,2020-01-12
1301695,城市的星空,23.12,112.8万,83,0.1%,37,100%,2020-01-12
1301296,野猪,20.36,86.3万,3,0.1%,2769,2.9%,2020-01-12
1211270,哪吒之魔童降世,18.18,49.84亿,59,0.1%,43,100%,2020-01-12
1291012,为爱重生,17.50,2445.5万,28,0.1%,226,100%,2020-01-12
1237279,特警队,15.31,5529.5万,4,0.1%,1155,4.9%,2020-01-12
1213293,小羊肖恩2：末日农场,12.35,1668.1万,4,0.1%,997,4.2%,2020-01-12
1301498,盲舞,12.08,25.6万,79,<0.1%,26,100%,2020-01-12
1218029,少年的你,11.40,15.54亿,92,<0.1%,17,--,2020-01-12
1211698,碟仙,10.96,5584.8万,84,<0.1%,6,--,2020-01-12
1225993,雪人奇缘,10.79,1.23亿,108,<0.1%,25,100%,2020-01-12
1298827,亲爱的新年好,9.94,6189.6万,3,<0.1%,1357,2.5%,2020-01-12
248906,流浪地球,9.48,46.60亿,98,<0.1%,15,100%,2020-01-12
1212608,站住！小偷,9.13,71.5万,2,<0.1%,1906,2.0%,2020-01-12
1250700,攀登者,8.55,10.88亿,93,<0.1%,10,--,2020-01-12
1228776,下一任：前任,8.14,1.39亿,32,<0.1%,37,64.3%,2020-01-12
1286126,守望人,7.90,27.6万,91,<0.1%,33,--,2020-01-12
1203825,唐顿庄园,7.40,2260.6万,12,<0.1%,152,15.9%,2020-01-12
1218474,狐踪谍影,6.66,85.2万,2,<0.1%,1392,1.8%,2020-01-12
1243361,烈火英雄,6.59,16.93亿,94,<0.1%,9,--,2020-01-12
1258163,利刃出鞘,6.47,1.99亿,13,<0.1%,120,15.2%,2020-01-12
346690,你是凶手,5.70,4844.9万,96,<0.1%,12,94.1%,2020-01-12
1203046,坂本龙一：终曲,5.48,479.6万,13,<0.1%,99,12.6%,2020-01-12
378256,美丽人生,4.58,65.2万,12,<0.1%,117,--,2020-01-12
1212492,老师·好,4.52,3.54亿,126,<0.1%,6,--,2020-01-12
1302015,士兵顺溜：兵王争锋,4.44,11.5万,3,<0.1%,565,2.5%,2020-01-12
248803,我和我的小伙伴们,3.85,13.7万,80,<0.1%,13,100%,2020-01-12
1227611,小小的愿望,3.55,2.84亿,203,<0.1%,4,--,2020-01-12
1214809,蕃薯浇米,3.10,13.6万,9,<0.1%,107,8.2%,2020-01-12
1280015,武圣关公,2.99,19.5万,2,<0.1%,585,2.0%,2020-01-12
1197417,使徒行者2：谍影行动,2.99,7.01亿,232,<0.1%,3,--,2020-01-12
1215114,廉政风云,2.94,1.18亿,49,<0.1%,23,47.6%,2020-01-12
1242431,最好的我们,2.51,4.14亿,156,<0.1%,4,--,2020-01-12
342146,犯罪现场,2.33,2.54亿,117,<0.1%,5,--,2020-01-12
1277527,那时风华,2.04,1436.3万,12,<0.1%,35,10.0%,2020-01-12
1298416,妈妈我想你,2.00,131.8万,101,<0.1%,10,88.9%,2020-01-12
1243239,熊出没·原始时代,1.87,7.14亿,104,<0.1%,4,100%,2020-01-12
346409,尼斯大冒险,1.59,450.3万,4,<0.1%,183,4.3%,2020-01-12
410629,阿丽塔：战斗天使,1.46,8.96亿,292,<0.1%,1,--,2020-01-12
1229534,银河补习班,1.46,8.72亿,146,<0.1%,2,100%,2020-01-12
599133,无影之镜,1.35,7.7万,2,<0.1%,356,1.3%,2020-01-12
1189879,狮子王,1.31,8.32亿,263,<0.1%,1,--,2020-01-12
1211727,反贪风暴4,1.31,7.98亿,263,<0.1%,1,--,2020-01-12
1302313,阳光下的少年之我的无色世界,1.25,4.8万,2,<0.1%,235,2.3%,2020-01-12
1218141,扫毒2天地对决,1.16,13.09亿,145,<0.1%,2,--,2020-01-12
1278147,古窑迷踪,1.11,81.7万,2,<0.1%,226,2.0%,2020-01-12
1236504,正正的世界,1.08,235.1万,121,<0.1%,3,100%,2020-01-12
432132,童年,1.05,115.4万,129,<0.1%,3,100%,2020-01-12
580298,新喜剧之王,1.00,6.26亿,84,<0.1%,2,--,2020-01-12
1302084,沂蒙之恋,1.00,2.3万,58,<0.1%,7,70.0%,2020-01-12
1190122,叶问4：完结篇,1365.63,10.48亿,6,19.8%,64632,4.3%,2020-01-13
1218273,误杀,1276.81,10.60亿,7,18.5%,54746,5.2%,2020-01-13
1279731,宠爱,1223.12,5.82亿,6,17.8%,71164,3.6%,2020-01-13
1219754,鲨海逃生,342.63,2816.6万,4,4.9%,34650,3.0%,2020-01-13
1214142,变身特工,325.43,5889.7万,7,4.7%,15075,5.6%,2020-01-13
1281095,紫罗兰永恒花园 外传：永远与自动手记人偶,315.11,2684.0万,4,4.5%,29336,3.3%,2020-01-13
1220983,动物特工局,255.84,1894.4万,4,3.7%,21721,3.7%,2020-01-13
1277939,我和我的祖国,200.74,31.17亿,41,2.9%,107,66.9%,2020-01-13
1284594,我为你牺牲,159.84,2.38亿,47,2.3%,611,60.9%,2020-01-13
1303,美丽人生,158.62,4671.8万,6,2.3%,9267,5.0%,2020-01-13
1228869,半个喜剧,128.96,1.76亿,6,1.8%,6691,5.7%,2020-01-13
247949,冰雪奇缘2,127.88,8.46亿,7,1.8%,6436,5.9%,2020-01-13
1196202,天使陷落,103.94,5868.3万,5,1.5%,7675,4.0%,2020-01-13
1301459,海林都,77.19,4308.1万,104,1.1%,179,100%,2020-01-13
1201272,为家而战,66.50,1431.3万,1,0.9%,22573,0.8%,2020-01-13
1225993,雪人奇缘,61.00,1.23亿,181,0.8%,21,100%,2020-01-13
1261203,解放·终局营救,48.77,3878.0万,53,0.7%,202,52.0%,2020-01-13
1206836,神探蒲松龄,47.19,1.60亿,81,0.6%,75,100%,2020-01-13
1212192,差等生乔曦,46.34,113.6万,93,0.6%,21,--,2020-01-13
443387,星球大战：天行者崛起,42.09,1.40亿,4,0.6%,2394,2.4%,2020-01-13
418207,理查德·朱维尔的哀歌,37.22,198.0万,5,0.5%,2419,4.2%,2020-01-13
1299333,鹭世界,34.95,265.1万,16,0.5%,752,12.6%,2020-01-13
1298853,致敬英雄,30.90,230.5万,15,0.4%,295,16.3%,2020-01-13
1255359,别告诉她,30.19,265.3万,3,0.4%,2811,2.8%,2020-01-13
1301695,城市的星空,27.58,140.4万,83,0.4%,46,100%,2020-01-13
1230121,中国机长,27.46,28.86亿,116,0.4%,41,100%,2020-01-13
1228776,下一任：前任,23.00,1.39亿,120,0.3%,24,--,2020-01-13
1243361,烈火英雄,22.40,16.93亿,106,0.3%,30,--,2020-01-13
1211270,哪吒之魔童降世,20.02,49.84亿,83,0.2%,51,100%,2020-01-13
1297995,只有芸知道,17.35,1.58亿,3,0.2%,1861,3.2%,2020-01-13
1301498,盲舞,15.93,41.5万,84,0.2%,32,100%,2020-01-13
1237279,特警队,15.40,5544.9万,3,0.2%,1630,3.2%,2020-01-13
1250700,攀登者,12.73,10.88亿,105,0.1%,19,--,2020-01-13
1302100,刑场上的婚礼,11.93,168.4万,37,0.1%,96,38.5%,2020-01-13
1291012,为爱重生,10.35,2455.9万,17,0.1%,224,100%,2020-01-13
1298827,亲爱的新年好,8.48,6198.1万,2,0.1%,1705,1.7%,2020-01-13
248906,流浪地球,7.98,46.60亿,75,0.1%,18,100%,2020-01-13
1260459,赛尔号大电影7：疯狂机器城,7.27,2953.4万,28,0.1%,52,--,2020-01-13
1302084,沂蒙之恋,7.00,9.3万,53,0.1%,19,67.1%,2020-01-13
1302042,那人那事,6.85,11.7万,7,<0.1%,58,10.5%,2020-01-13
1286126,守望人,5.96,33.6万,80,<0.1%,29,100%,2020-01-13
1218029,少年的你,5.78,15.54亿,130,<0.1%,9,--,2020-01-13
1213293,小羊肖恩2：末日农场,5.77,1673.9万,3,<0.1%,922,2.3%,2020-01-13
1218141,扫毒2天地对决,5.67,13.04亿,188,<0.1%,7,--,2020-01-13
1218474,狐踪谍影,4.86,90.0万,2,<0.1%,1348,1.4%,2020-01-13
1212608,站住！小偷,4.74,76.2万,2,<0.1%,1633,1.2%,2020-01-13
342903,上海堡垒,4.45,1.23亿,128,<0.1%,7,--,2020-01-13
248803,我和我的小伙伴们,3.70,17.4万,54,<0.1%,25,64.8%,2020-01-13
1215605,速度与激情：特别行动,3.16,14.32亿,201,<0.1%,3,--,2020-01-13
1242431,最好的我们,3.07,4.14亿,75,<0.1%,6,--,2020-01-13
1242130,古田军号,2.78,4876.5万,29,<0.1%,14,56.3%,2020-01-13
1203046,坂本龙一：终曲,2.74,482.4万,6,<0.1%,121,5.8%,2020-01-13
1218091,飞驰人生,2.52,17.18亿,53,<0.1%,8,100%,2020-01-13
378256,美丽人生,2.42,67.6万,6,<0.1%,147,--,2020-01-13
344869,疯狂的外星人,2.33,22.09亿,98,<0.1%,4,--,2020-01-13
1258163,利刃出鞘,2.28,1.99亿,5,<0.1%,124,5.3%,2020-01-13
1198925,蜘蛛侠：英雄远征,2.19,14.17亿,219,<0.1%,2,--,2020-01-13
345397,催眠·裁决,2.15,9682.0万,108,<0.1%,5,--,2020-01-13
1300298,太阳升起的时刻,2.14,1237.7万,59,<0.1%,12,100%,2020-01-13
1206875,大黄蜂,1.82,11.48亿,152,<0.1%,3,--,2020-01-13
1250610,乡村青年,1.79,964.4万,29,<0.1%,7,75.9%,2020-01-13
1240752,小Q,1.71,1.13亿,117,<0.1%,3,--,2020-01-13
341139,惊奇队长,1.68,10.35亿,140,<0.1%,3,--,2020-01-13
1277982,决胜时刻,1.64,1.19亿,33,<0.1%,14,100%,2020-01-13
1302313,阳光下的少年之我的无色世界,1.62,6.5万,7,<0.1%,91,9.3%,2020-01-13
1215114,廉政风云,1.59,1.18亿,33,<0.1%,19,30.9%,2020-01-13
359377,罗小黑战记,1.56,3.14亿,195,<0.1%,2,--,2020-01-13
246061,哥斯拉2：怪兽之王,1.53,9.37亿,64,<0.1%,6,--,2020-01-13
1216383,比悲伤更悲伤的故事,1.53,9.55亿,64,<0.1%,6,100%,2020-01-13
1229688,看不见的小孩,1.50,1928.2万,150,<0.1%,1,--,2020-01-13
360504,诛仙Ⅰ,1.46,4.04亿,183,<0.1%,2,--,2020-01-13
1227611,小小的愿望,1.40,2.84亿,67,<0.1%,3,--,2020-01-13
1214809,蕃薯浇米,1.35,14.9万,4,<0.1%,113,3.4%,2020-01-13
1236504,正正的世界,1.26,232.1万,106,<0.1%,4,100%,2020-01-13
336934,横财局中局,1.23,458.8万,8,<0.1%,44,9.5%,2020-01-13
1229534,银河补习班,1.22,8.72亿,74,<0.1%,3,100%,2020-01-13
1278147,古窑迷踪,1.12,82.8万,2,<0.1%,242,1.9%,2020-01-13
1277527,那时风华,1.08,1437.3万,7,<0.1%,43,4.8%,2020-01-13
1211727,反贪风暴4,1.00,7.98亿,84,<0.1%,2,--,2020-01-13
1280015,武圣关公,1.00,20.5万,1,<0.1%,352,1.1%,2020-01-13
1235560,白蛇：缘起,1.00,4.38亿,100,<0.1%,2,--,2020-01-13
1190122,叶问4：完结篇,1390.29,10.62亿,6,20.8%,65608,4.4%,2020-01-14
1218273,误杀,1315.60,10.73亿,7,19.6%,57230,5.1%,2020-01-14
1279731,宠爱,1158.22,5.93亿,5,17.3%,70792,3.4%,2020-01-14
1214142,变身特工,383.22,6272.9万,7,5.7%,16401,6.1%,2020-01-14
1219754,鲨海逃生,319.62,3136.2万,4,4.7%,32899,3.1%,2020-01-14
1220983,动物特工局,286.94,2181.4万,5,4.2%,21122,4.3%,2020-01-14
1281095,紫罗兰永恒花园 外传：永远与自动手记人偶,286.37,2970.3万,4,4.2%,27938,3.3%,2020-01-14
1284594,我为你牺牲,263.97,2.41亿,11,3.9%,2963,11.7%,2020-01-14
1303,美丽人生,165.12,4837.0万,6,2.4%,9506,5.1%,2020-01-14
247949,冰雪奇缘2,139.80,8.48亿,6,2.0%,7420,5.6%,2020-01-14
1228869,半个喜剧,138.88,1.77亿,6,2.0%,7087,5.8%,2020-01-14
1196202,天使陷落,105.18,5973.5万,5,1.5%,7860,4.0%,2020-01-14
1301459,海林都,75.28,4383.3万,104,1.1%,179,100%,2020-01-14
1201272,为家而战,56.41,1487.8万,2,0.8%,18349,0.9%,2020-01-14
443387,星球大战：天行者崛起,50.48,1.41亿,5,0.7%,2406,2.9%,2020-01-14
1261203,解放·终局营救,48.29,3926.3万,49,0.7%,226,48.7%,2020-01-14
418207,理查德·朱维尔的哀歌,44.53,242.6万,5,0.6%,2523,4.8%,2020-01-14
1189325,捉妖学院,35.49,1141.7万,99,0.5%,60,--,2020-01-14
1299333,鹭世界,34.61,299.7万,15,0.5%,816,11.6%,2020-01-14
1255359,别告诉她,24.64,290.0万,3,0.3%,2635,2.4%,2020-01-14
1212192,差等生乔曦,23.53,137.2万,93,0.3%,21,--,2020-01-14
1260459,赛尔号大电影7：疯狂机器城,23.10,2976.5万,66,0.3%,70,--,2020-01-14
1301695,城市的星空,21.84,162.2万,77,0.3%,39,100%,2020-01-14
1302100,刑场上的婚礼,20.53,188.9万,45,0.3%,133,43.9%,2020-01-14
1277939,我和我的祖国,17.36,31.17亿,50,0.2%,53,100%,2020-01-14
1237279,特警队,16.96,5561.9万,3,0.2%,1681,3.4%,2020-01-14
1206836,神探蒲松龄,16.94,1.60亿,91,0.2%,28,100%,2020-01-14
1297995,只有芸知道,16.13,1.58亿,3,0.2%,1885,2.9%,2020-01-14
1242130,古田军号,16.10,4892.6万,43,0.2%,42,70.3%,2020-01-14
1301498,盲舞,15.99,57.5万,88,0.2%,31,100%,2020-01-14
1298853,致敬英雄,12.11,242.6万,8,0.1%,209,9.4%,2020-01-14
1211270,哪吒之魔童降世,10.96,49.84亿,48,0.1%,26,--,2020-01-14
1291012,为爱重生,10.24,2466.1万,17,0.1%,221,100%,2020-01-14
1230121,中国机长,9.95,28.86亿,93,0.1%,20,--,2020-01-14
1298827,亲爱的新年好,9.40,6207.5万,2,0.1%,1711,1.8%,2020-01-14
248172,复仇者联盟4：终局之战,7.88,42.49亿,161,0.1%,9,--,2020-01-14
1218091,飞驰人生,7.42,17.19亿,93,0.1%,14,--,2020-01-14
1302042,那人那事,6.73,18.4万,6,0.1%,62,12.0%,2020-01-14
1225993,雪人奇缘,6.64,1.23亿,163,<0.1%,11,100%,2020-01-14
1215114,廉政风云,6.13,1.18亿,83,<0.1%,21,89.4%,2020-01-14
1286126,守望人,6.02,39.6万,81,<0.1%,29,100%,2020-01-14
248906,流浪地球,4.86,46.60亿,34,<0.1%,12,100%,2020-01-14
1213293,小羊肖恩2：末日农场,4.79,1678.7万,2,<0.1%,944,1.9%,2020-01-14
1243361,烈火英雄,4.54,16.93亿,101,<0.1%,9,--,2020-01-14
1218474,狐踪谍影,4.22,94.3万,2,<0.1%,1165,1.5%,2020-01-14
1250700,攀登者,4.17,10.88亿,121,<0.1%,8,--,2020-01-14
1212608,站住！小偷,4.03,80.3万,2,<0.1%,1381,1.3%,2020-01-14
1228776,下一任：前任,3.71,1.39亿,114,<0.1%,6,--,2020-01-14
1238837,天·火,3.40,1.69亿,8,<0.1%,62,13.2%,2020-01-14
1258163,利刃出鞘,2.55,1.99亿,5,<0.1%,153,4.8%,2020-01-14
1203046,坂本龙一：终曲,2.44,484.8万,5,<0.1%,132,4.9%,2020-01-14
1245196,友情以上,2.33,5222.7万,292,<0.1%,2,--,2020-01-14
378256,美丽人生,2.06,69.6万,5,<0.1%,154,--,2020-01-14
1242431,最好的我们,1.75,4.14亿,250,<0.1%,1,--,2020-01-14
1229534,银河补习班,1.75,8.72亿,125,<0.1%,2,100%,2020-01-14
345875,风中有朵雨做的云,1.41,6499.4万,353,<0.1%,1,--,2020-01-14
1209269,全职高手之巅峰荣耀,1.41,8560.3万,177,<0.1%,2,--,2020-01-14
1278147,古窑迷踪,1.34,84.2万,3,<0.1%,251,2.3%,2020-01-14
1214809,蕃薯浇米,1.21,16.1万,3,<0.1%,103,3.1%,2020-01-14
342903,上海堡垒,1.16,1.23亿,97,<0.1%,3,--,2020-01-14
1301018,变化中的中国·生活因你而火热,1.13,928.7万,24,<0.1%,13,32.6%,2020-01-14
580298,新喜剧之王,1.09,6.26亿,46,<0.1%,6,--,2020-01-14
341823,罗宾汉：起源,1.04,442.5万,2,<0.1%,205,1.9%,2020-01-14
346629,大侦探皮卡丘,1.02,6.39亿,128,<0.1%,2,--,2020-01-14
1190122,叶问4：完结篇,1386.96,10.76亿,6,21.4%,66002,4.3%,2020-01-15
1218273,误杀,1322.52,10.86亿,7,20.4%,58806,5.0%,2020-01-15
1279731,宠爱,1114.15,6.04亿,5,17.2%,69695,3.4%,2020-01-15
1214142,变身特工,402.35,6674.9万,7,6.2%,17895,5.8%,2020-01-15
1219754,鲨海逃生,294.18,3430.3万,4,4.5%,31589,2.9%,2020-01-15
1281095,紫罗兰永恒花园 外传：永远与自动手记人偶,278.92,3249.2万,4,4.3%,26680,3.3%,2020-01-15
1220983,动物特工局,268.12,2449.5万,5,4.1%,21082,4.0%,2020-01-15
1303,美丽人生,158.77,4995.7万,6,2.4%,9505,4.9%,2020-01-15
247949,冰雪奇缘2,155.06,8.49亿,6,2.3%,8193,5.6%,2020-01-15
1228869,半个喜剧,140.41,1.79亿,6,2.1%,7240,5.7%,2020-01-15
1284594,我为你牺牲,99.93,2.42亿,5,1.5%,3070,4.6%,2020-01-15
1196202,天使陷落,99.89,6073.2万,4,1.5%,7714,3.9%,2020-01-15
1301459,海林都,76.66,4460.0万,109,1.1%,174,100%,2020-01-15
1201272,为家而战,50.94,1538.7万,1,0.7%,15570,0.8%,2020-01-15
1261203,解放·终局营救,47.27,3973.6万,53,0.7%,222,50.8%,2020-01-15
1298853,致敬英雄,42.99,285.6万,35,0.6%,293,43.1%,2020-01-15
418207,理查德·朱维尔的哀歌,40.65,283.2万,5,0.6%,2580,4.2%,2020-01-15
443387,星球大战：天行者崛起,40.49,1.41亿,4,0.6%,2424,2.4%,2020-01-15
1189325,捉妖学院,36.00,1177.7万,100,0.5%,60,--,2020-01-15
1299333,鹭世界,30.29,330.0万,13,0.4%,848,10.2%,2020-01-15
1286126,守望人,29.95,69.5万,3,0.4%,3440,2.7%,2020-01-15
1277939,我和我的祖国,29.31,31.18亿,70,0.4%,58,86.0%,2020-01-15
1301695,城市的星空,23.82,186.0万,83,0.3%,40,100%,2020-01-15
1260459,赛尔号大电影7：疯狂机器城,23.43,2996.8万,66,0.3%,71,--,2020-01-15
1255359,别告诉她,22.57,312.6万,3,0.3%,2430,2.5%,2020-01-15
1237279,特警队,20.41,5582.3万,4,0.3%,1699,4.0%,2020-01-15
346690,你是凶手,20.16,4865.0万,56,0.3%,72,--,2020-01-15
1301498,盲舞,16.88,74.4万,83,0.2%,34,100%,2020-01-15
1230121,中国机长,16.49,28.86亿,70,0.2%,42,100%,2020-01-15
1297995,只有芸知道,14.43,1.59亿,3,0.2%,1830,2.7%,2020-01-15
1302100,刑场上的婚礼,13.20,202.1万,41,0.2%,100,42.2%,2020-01-15
1302042,那人那事,12.70,31.1万,4,0.1%,64,5.4%,2020-01-15
1291012,为爱重生,10.55,2476.7万,18,0.1%,215,100%,2020-01-15
344869,疯狂的外星人,10.53,22.05亿,34,0.1%,49,100%,2020-01-15
1211270,哪吒之魔童降世,10.47,49.84亿,134,0.1%,15,--,2020-01-15
1212192,差等生乔曦,8.89,146.1万,93,0.1%,16,--,2020-01-15
1238837,天·火,8.22,1.69亿,16,0.1%,68,26.2%,2020-01-15
1298827,亲爱的新年好,8.21,6215.7万,2,0.1%,1633,1.6%,2020-01-15
248906,流浪地球,7.74,46.60亿,220,0.1%,7,100%,2020-01-15
1242130,古田军号,6.87,4899.5万,37,0.1%,19,100%,2020-01-15
1218091,飞驰人生,4.92,17.19亿,31,<0.1%,17,--,2020-01-15
1213293,小羊肖恩2：末日农场,4.53,1683.1万,2,<0.1%,939,1.7%,2020-01-15
248803,我和我的小伙伴们,3.80,21.6万,106,<0.1%,12,100%,2020-01-15
1218474,狐踪谍影,3.30,97.6万,2,<0.1%,1027,1.3%,2020-01-15
1212608,站住！小偷,2.86,83.1万,1,<0.1%,1034,1.2%,2020-01-15
1258163,利刃出鞘,2.70,1.99亿,5,<0.1%,146,5.3%,2020-01-15
378256,美丽人生,2.61,72.3万,6,<0.1%,148,--,2020-01-15
1301018,变化中的中国·生活因你而火热,2.60,931.3万,48,<0.1%,16,71.5%,2020-01-15
1203046,坂本龙一：终曲,2.32,487.2万,5,<0.1%,128,5.8%,2020-01-15
1235560,白蛇：缘起,2.27,4.38亿,8,<0.1%,48,100%,2020-01-15
1258847,西河恋歌,2.01,16.8万,96,<0.1%,21,100%,2020-01-15
1206836,神探蒲松龄,1.71,1.60亿,115,<0.1%,5,89.2%,2020-01-15
1250610,乡村青年,1.70,966.9万,22,<0.1%,9,59.5%,2020-01-15
336934,横财局中局,1.51,461.2万,12,<0.1%,39,13.4%,2020-01-15
1278147,古窑迷踪,1.34,85.5万,2,<0.1%,253,2.1%,2020-01-15
1236504,正正的世界,1.24,234.3万,102,<0.1%,4,100%,2020-01-15
1215114,廉政风云,1.19,1.18亿,27,<0.1%,18,22.1%,2020-01-15
1230126,大河唱,1.17,251.8万,235,<0.1%,1,100.0%,2020-01-15
1207237,沉默的证人,1.12,1.81亿,94,<0.1%,2,100.0%,2020-01-15
1214809,蕃薯浇米,1.08,17.2万,5,<0.1%,86,4.4%,2020-01-15
1250700,攀登者,1.03,10.88亿,115,<0.1%,3,100%,2020-01-15
1302015,士兵顺溜：兵王争锋,1.02,13.0万,12,<0.1%,35,11.6%,2020-01-15
1218273,误杀,1395.76,11.00亿,7,20.8%,60761,5.1%,2020-01-16
1190122,叶问4：完结篇,1393.12,10.90亿,6,20.7%,66868,4.3%,2020-01-16
1279731,宠爱,1112.80,6.16亿,5,16.6%,69355,3.4%,2020-01-16
1214142,变身特工,408.77,7083.7万,7,6.1%,19114,5.5%,2020-01-16
1281095,紫罗兰永恒花园 外传：永远与自动手记人偶,280.09,3529.3万,4,4.1%,26045,3.4%,2020-01-16
1219754,鲨海逃生,275.33,3705.7万,3,4.1%,30806,2.8%,2020-01-16
1284594,我为你牺牲,274.81,2.45亿,5,4.1%,3171,5.5%,2020-01-16
1220983,动物特工局,268.77,2718.2万,5,4.0%,21052,4.0%,2020-01-16
247949,冰雪奇缘2,167.19,8.51亿,6,2.4%,8892,5.6%,2020-01-16
1303,美丽人生,160.67,5156.3万,6,2.3%,9554,5.0%,2020-01-16
1228869,半个喜剧,145.35,1.80亿,6,2.1%,7639,5.6%,2020-01-16
1263192,周军的行走,128.00,129.3万,91,1.9%,16,--,2020-01-16
1196202,天使陷落,99.89,6173.1万,4,1.4%,7721,3.9%,2020-01-16
1301459,海林都,43.73,4503.7万,90,0.6%,127,100%,2020-01-16
443387,星球大战：天行者崛起,42.57,1.42亿,4,0.6%,2457,2.5%,2020-01-16
1201272,为家而战,41.03,1579.7万,1,0.6%,14044,0.8%,2020-01-16
418207,理查德·朱维尔的哀歌,38.99,322.2万,5,0.5%,2627,3.9%,2020-01-16
1261203,解放·终局营救,37.73,4011.3万,41,0.5%,206,43.4%,2020-01-16
1212192,差等生乔曦,36.15,182.2万,93,0.5%,13,--,2020-01-16
1189325,捉妖学院,36.00,1213.7万,100,0.5%,60,--,2020-01-16
1299333,鹭世界,30.69,360.7万,13,0.4%,881,9.9%,2020-01-16
1260459,赛尔号大电影7：疯狂机器城,23.10,3019.9万,66,0.3%,70,--,2020-01-16
1277939,我和我的祖国,19.48,31.18亿,75,0.2%,36,76.2%,2020-01-16
1286126,守望人,19.37,88.9万,10,0.2%,672,11.2%,2020-01-16
1255359,别告诉她,18.99,331.5万,3,0.2%,2280,2.2%,2020-01-16
1237279,特警队,18.94,5601.2万,3,0.2%,1733,3.5%,2020-01-16
1297995,只有芸知道,14.71,1.59亿,3,0.2%,1868,2.8%,2020-01-16
1301498,盲舞,14.64,89.1万,74,0.2%,34,84.1%,2020-01-16
1238837,天·火,12.36,1.70亿,8,0.1%,66,10.0%,2020-01-16
1291012,为爱重生,11.68,2488.4万,19,0.1%,223,100%,2020-01-16
1298853,致敬英雄,10.20,295.8万,16,0.1%,226,20.7%,2020-01-16
346690,你是凶手,9.84,4874.9万,51,0.1%,39,100%,2020-01-16
1298827,亲爱的新年好,6.94,6222.6万,2,0.1%,1609,1.5%,2020-01-16
1301695,城市的星空,6.78,192.8万,67,0.1%,17,94.4%,2020-01-16
1302042,那人那事,6.25,37.4万,3,<0.1%,36,5.1%,2020-01-16
1302100,刑场上的婚礼,6.24,208.4万,25,<0.1%,74,28.2%,2020-01-16
1243361,烈火英雄,5.02,16.94亿,35,<0.1%,15,--,2020-01-16
1242130,古田军号,4.64,4904.2万,25,<0.1%,20,63.3%,2020-01-16
1213293,小羊肖恩2：末日农场,4.60,1687.7万,2,<0.1%,919,1.7%,2020-01-16
1218029,少年的你,3.72,15.54亿,24,<0.1%,16,--,2020-01-16
1198925,蜘蛛侠：英雄远征,3.63,14.17亿,33,<0.1%,11,--,2020-01-16
1230121,中国机长,3.60,28.86亿,45,<0.1%,10,100%,2020-01-16
1215605,速度与激情：特别行动,3.56,14.32亿,18,<0.1%,20,100%,2020-01-16
1212608,站住！小偷,3.47,86.6万,2,<0.1%,894,1.8%,2020-01-16
1218474,狐踪谍影,3.19,100.8万,2,<0.1%,948,1.4%,2020-01-16
1218141,扫毒2天地对决,3.02,13.04亿,15,<0.1%,21,--,2020-01-16
1301018,变化中的中国·生活因你而火热,2.88,934.2万,54,<0.1%,16,66.1%,2020-01-16
1258163,利刃出鞘,2.63,2.00亿,5,<0.1%,139,5.3%,2020-01-16
1236504,正正的世界,2.21,236.5万,103,<0.1%,7,100%,2020-01-16
1250610,乡村青年,1.88,968.8万,26,<0.1%,8,100%,2020-01-16
1206381,灭绝,1.83,1.8万,89,<0.1%,4,100.0%,2020-01-16
1203046,坂本龙一：终曲,1.83,489.0万,5,<0.1%,80,6.1%,2020-01-16
1206836,神探蒲松龄,1.80,1.60亿,75,<0.1%,3,--,2020-01-16
378256,美丽人生,1.76,74.0万,4,<0.1%,152,--,2020-01-16
1250690,受益人,1.71,2.19亿,429,<0.1%,1,--,2020-01-16
1278147,古窑迷踪,1.66,87.2万,3,<0.1%,267,2.5%,2020-01-16
1215114,廉政风云,1.60,1.18亿,36,<0.1%,17,23.4%,2020-01-16
248803,我和我的小伙伴们,1.59,23.2万,59,<0.1%,9,98.1%,2020-01-16
1256872,为国而歌,1.13,798.7万,25,<0.1%,16,30.2%,2020-01-16
1301580,铁血阳泉,1.13,82.9万,7,<0.1%,62,6.6%,2020-01-16
1290395,幸福的小满,1.00,125.7万,13,<0.1%,30,12.9%,2020-01-16
1218273,误杀,1666.08,11.17亿,8,23.4%,66758,5.3%,2020-01-17
1190122,叶问4：完结篇,1579.59,11.06亿,7,22.2%,70687,4.5%,2020-01-17
1279731,宠爱,1190.71,6.28亿,5,16.7%,69811,3.6%,2020-01-17
1214142,变身特工,502.69,7586.4万,7,7.0%,21031,6.0%,2020-01-17
1281095,紫罗兰永恒花园 外传：永远与自动手记人偶,295.00,3824.3万,4,4.1%,24289,3.9%,2020-01-17
1220983,动物特工局,288.80,3007.0万,5,4.0%,20472,4.5%,2020-01-17
1219754,鲨海逃生,259.72,3965.4万,4,3.6%,28413,2.9%,2020-01-17
247949,冰雪奇缘2,201.57,8.53亿,7,2.8%,9884,5.9%,2020-01-17
1303,美丽人生,186.06,5342.4万,6,2.6%,9605,5.5%,2020-01-17
1228869,半个喜剧,173.16,1.82亿,7,2.4%,7876,6.4%,2020-01-17
1196202,天使陷落,120.18,6293.3万,5,1.6%,7823,4.5%,2020-01-17
1284594,我为你牺牲,55.45,2.45亿,3,0.7%,3225,3.4%,2020-01-17
1302015,士兵顺溜：兵王争锋,53.42,66.7万,2,0.7%,10495,1.6%,2020-01-17
443387,星球大战：天行者崛起,52.72,1.42亿,5,0.7%,2514,3.1%,2020-01-17
418207,理查德·朱维尔的哀歌,48.09,370.3万,5,0.6%,2585,4.9%,2020-01-17
1201272,为家而战,40.94,1620.7万,2,0.5%,10372,1.1%,2020-01-17
1261203,解放·终局营救,37.41,4048.8万,43,0.5%,213,40.8%,2020-01-17
1189325,捉妖学院,36.00,1249.7万,100,0.5%,60,--,2020-01-17
1301459,海林都,35.24,4539.0万,95,0.4%,98,100%,2020-01-17
1299333,鹭世界,28.80,389.5万,11,0.4%,926,8.5%,2020-01-17
1260459,赛尔号大电影7：疯狂机器城,23.10,3043.0万,66,0.3%,70,--,2020-01-17
1237279,特警队,20.45,5621.7万,4,0.2%,1718,3.8%,2020-01-17
1255359,别告诉她,19.13,350.7万,3,0.2%,1844,2.7%,2020-01-17
1301498,盲舞,16.23,105.3万,86,0.2%,32,100%,2020-01-17
1297995,只有芸知道,15.69,1.59亿,3,0.2%,1894,2.9%,2020-01-17
1211270,哪吒之魔童降世,15.38,49.84亿,25,0.2%,63,100%,2020-01-17
1286126,守望人,15.21,104.1万,11,0.2%,422,12.5%,2020-01-17
1298853,致敬英雄,13.26,309.0万,22,0.1%,201,34.8%,2020-01-17
1291012,为爱重生,12.48,2500.9万,20,0.1%,226,100%,2020-01-17
1212192,差等生乔曦,9.32,191.5万,93,0.1%,6,--,2020-01-17
1298827,亲爱的新年好,8.05,6230.6万,2,0.1%,1503,1.8%,2020-01-17
1301695,城市的星空,7.58,200.4万,83,0.1%,15,100%,2020-01-17
1302100,刑场上的婚礼,7.00,215.4万,33,<0.1%,63,34.4%,2020-01-17
1302042,那人那事,6.42,43.8万,5,<0.1%,37,7.1%,2020-01-17
1213293,小羊肖恩2：末日农场,4.97,1692.7万,2,<0.1%,856,2.0%,2020-01-17
1242130,古田军号,4.83,4909.0万,14,<0.1%,33,15.5%,2020-01-17
1277939,我和我的祖国,3.53,31.18亿,9,<0.1%,69,34.9%,2020-01-17
1258163,利刃出鞘,3.36,2.00亿,6,<0.1%,149,6.3%,2020-01-17
1206875,大黄蜂,2.99,11.48亿,12,<0.1%,26,--,2020-01-17
1301580,铁血阳泉,2.67,85.5万,14,<0.1%,67,13.7%,2020-01-17
1218474,狐踪谍影,2.56,103.3万,2,<0.1%,784,1.3%,2020-01-17
1225993,雪人奇缘,2.54,1.23亿,85,<0.1%,3,--,2020-01-17
248803,我和我的小伙伴们,2.50,25.7万,79,<0.1%,11,100%,2020-01-17
1212608,站住！小偷,2.14,88.8万,2,<0.1%,710,1.4%,2020-01-17
1203046,坂本龙一：终曲,2.08,491.1万,6,<0.1%,86,5.9%,2020-01-17
580298,新喜剧之王,2.03,6.25亿,5,<0.1%,49,--,2020-01-17
1236504,正正的世界,1.78,238.3万,97,<0.1%,6,100%,2020-01-17
378256,美丽人生,1.77,75.8万,5,<0.1%,145,--,2020-01-17
1215114,廉政风云,1.76,1.18亿,42,<0.1%,16,36.0%,2020-01-17
1250610,乡村青年,1.70,970.5万,28,<0.1%,7,100%,2020-01-17
346629,大侦探皮卡丘,1.69,6.39亿,19,<0.1%,9,--,2020-01-17
1278147,古窑迷踪,1.58,88.8万,3,<0.1%,271,2.3%,2020-01-17
1277527,那时风华,1.55,1440.9万,12,<0.1%,41,6.6%,2020-01-17
1256872,为国而歌,1.46,800.2万,29,<0.1%,19,32.4%,2020-01-17
1290395,幸福的小满,1.37,127.1万,15,<0.1%,32,12.0%,2020-01-17
336934,横财局中局,1.29,463.5万,10,<0.1%,37,12.6%,2020-01-17
346409,尼斯大冒险,1.26,453.6万,3,<0.1%,190,3.0%,2020-01-17
1207927,一辈子的姐弟,1.17,26.5万,59,<0.1%,8,--,2020-01-17
341823,罗宾汉：起源,1.07,444.9万,2,<0.1%,200,2.5%,2020-01-17
1218273,误杀,2102.57,11.38亿,9,23.0%,68756,6.2%,2020-01-18
1190122,叶问4：完结篇,1959.58,11.25亿,8,21.4%,71434,5.3%,2020-01-18
1279731,宠爱,1296.43,6.40亿,6,14.2%,67267,4.1%,2020-01-18
1214142,变身特工,797.11,8383.5万,10,8.7%,23361,8.3%,2020-01-18
1206381,灭绝,717.75,719.6万,6,7.8%,45659,4.6%,2020-01-18
1220983,动物特工局,400.37,3407.4万,6,4.3%,21135,5.9%,2020-01-18
247949,冰雪奇缘2,295.04,8.56亿,8,3.2%,11401,7.2%,2020-01-18
1281095,紫罗兰永恒花园 外传：永远与自动手记人偶,283.44,4107.8万,5,3.1%,20729,4.4%,2020-01-18
1303,美丽人生,200.97,5543.3万,7,2.2%,8437,6.5%,2020-01-18
1219754,鲨海逃生,174.40,4139.8万,3,1.9%,21598,2.6%,2020-01-18
1228869,半个喜剧,171.54,1.84亿,7,1.8%,7322,6.6%,2020-01-18
1196202,天使陷落,97.78,6391.1万,5,1.0%,6771,4.1%,2020-01-18
418207,理查德·朱维尔的哀歌,67.90,438.2万,8,0.7%,2388,7.0%,2020-01-18
443387,星球大战：天行者崛起,65.86,1.43亿,6,0.7%,2419,3.6%,2020-01-18
1284594,我为你牺牲,43.39,2.46亿,4,0.4%,2900,3.9%,2020-01-18
1302015,士兵顺溜：兵王争锋,37.89,104.6万,3,0.4%,4502,2.7%,2020-01-18
1189325,捉妖学院,36.00,1285.7万,100,0.3%,60,--,2020-01-18
1299333,鹭世界,34.06,423.6万,13,0.3%,898,9.6%,2020-01-18
1298938,熊出没·狂野大陆,32.88,3616.2万,80,0.3%,119,100%,2020-01-18
1201272,为家而战,32.09,1652.8万,2,0.3%,6007,1.7%,2020-01-18
1261203,解放·终局营救,29.09,4077.8万,43,0.3%,152,38.4%,2020-01-18
1301459,海林都,27.16,4566.1万,122,0.2%,59,100%,2020-01-18
1237279,特警队,24.23,5645.9万,5,0.2%,1442,5.3%,2020-01-18
1255359,别告诉她,23.08,373.8万,5,0.2%,1332,4.6%,2020-01-18
1297995,只有芸知道,16.86,1.59亿,3,0.1%,1601,3.6%,2020-01-18
1298853,致敬英雄,16.54,325.6万,38,0.1%,146,57.9%,2020-01-18
1291012,为爱重生,15.30,2516.2万,24,0.1%,230,100%,2020-01-18
1301498,盲舞,14.51,119.8万,73,0.1%,34,92.7%,2020-01-18
248906,流浪地球,13.68,46.60亿,27,0.1%,51,--,2020-01-18
1213293,小羊肖恩2：末日农场,9.07,1701.8万,4,<0.1%,949,3.3%,2020-01-18
1298827,亲爱的新年好,7.17,6237.8万,2,<0.1%,1204,2.1%,2020-01-18
1258163,利刃出鞘,6.83,2.00亿,11,<0.1%,146,12.5%,2020-01-18
1302042,那人那事,6.65,50.4万,8,<0.1%,37,13.7%,2020-01-18
1301695,城市的星空,4.59,205.0万,67,<0.1%,13,100%,2020-01-18
1277939,我和我的祖国,4.45,31.18亿,19,<0.1%,23,22.7%,2020-01-18
248803,我和我的小伙伴们,3.81,29.6万,73,<0.1%,18,99.8%,2020-01-18
1203046,坂本龙一：终曲,2.97,494.1万,9,<0.1%,83,9.6%,2020-01-18
1301580,铁血阳泉,2.91,88.4万,11,<0.1%,97,52.5%,2020-01-18
1250700,攀登者,2.76,10.88亿,12,<0.1%,24,--,2020-01-18
1236504,正正的世界,2.63,240.9万,110,<0.1%,8,100%,2020-01-18
1215114,廉政风云,2.60,1.18亿,59,<0.1%,17,43.2%,2020-01-18
1290395,幸福的小满,2.36,129.5万,43,<0.1%,22,56.1%,2020-01-18
1212608,站住！小偷,2.30,91.1万,2,<0.1%,506,2.2%,2020-01-18
378256,美丽人生,1.92,77.7万,5,<0.1%,127,--,2020-01-18
1212192,差等生乔曦,1.87,193.4万,32,<0.1%,6,--,2020-01-18
1250610,乡村青年,1.80,972.3万,50,<0.1%,4,100%,2020-01-18
1197417,使徒行者2：谍影行动,1.68,7.01亿,21,<0.1%,8,--,2020-01-18
1301296,野猪,1.49,91.6万,1,<0.1%,1268,0.4%,2020-01-18
1218474,狐踪谍影,1.25,104.6万,1,<0.1%,488,1.1%,2020-01-18
346409,尼斯大冒险,1.24,454.9万,3,<0.1%,200,2.5%,2020-01-18
1133527,阳光夏令营,1.17,31.3万,79,<0.1%,6,--,2020-01-18
1278147,古窑迷踪,1.04,89.8万,2,<0.1%,217,1.9%,2020-01-18
1218273,误杀,1721.56,11.55亿,8,25.8%,69207,5.2%,2020-01-19
1190122,叶问4：完结篇,1434.31,11.40亿,6,21.5%,70695,4.1%,2020-01-19
1279731,宠爱,1081.16,6.51亿,5,16.2%,66502,3.5%,2020-01-19
1214142,变身特工,520.56,8903.9万,7,7.8%,23547,5.5%,2020-01-19
1206381,灭绝,280.70,1000.3万,3,4.2%,34774,2.4%,2020-01-19
1220983,动物特工局,274.17,3681.5万,5,4.1%,20704,4.1%,2020-01-19
247949,冰雪奇缘2,236.19,8.58亿,7,3.5%,11602,5.8%,2020-01-19
1281095,紫罗兰永恒花园 外传：永远与自动手记人偶,213.73,4321.4万,4,3.2%,20454,3.4%,2020-01-19
1219754,鲨海逃生,140.86,4280.4万,3,2.1%,21177,2.2%,2020-01-19
1228869,半个喜剧,124.34,1.85亿,5,1.8%,7517,4.8%,2020-01-19
1303,美丽人生,121.04,5664.3万,5,1.8%,8469,4.1%,2020-01-19
1196202,天使陷落,75.55,6466.6万,4,1.1%,6743,3.2%,2020-01-19
443387,星球大战：天行者崛起,44.81,1.43亿,5,0.6%,2278,2.7%,2020-01-19
1284594,我为你牺牲,40.12,2.46亿,4,0.6%,2759,3.8%,2020-01-19
418207,理查德·朱维尔的哀歌,39.06,477.3万,5,0.5%,2323,4.2%,2020-01-19
1189325,捉妖学院,39.00,1324.7万,100,0.5%,65,--,2020-01-19
1261203,解放·终局营救,28.24,4106.1万,39,0.4%,163,35.6%,2020-01-19
1302015,士兵顺溜：兵王争锋,26.38,131.0万,2,0.3%,4034,2.0%,2020-01-19
1299333,鹭世界,24.27,447.9万,10,0.3%,890,7.1%,2020-01-19
1301459,海林都,20.35,4586.5万,100,0.3%,63,100%,2020-01-19
1201272,为家而战,18.58,1671.3万,2,0.2%,5721,1.0%,2020-01-19
1255359,别告诉她,15.78,389.6万,3,0.2%,1297,3.2%,2020-01-19
1297995,只有芸知道,13.53,1.59亿,3,0.2%,1492,3.1%,2020-01-19
1301498,盲舞,12.79,132.6万,72,0.1%,30,75.2%,2020-01-19
1237279,特警队,12.19,5658.1万,3,0.1%,1472,2.7%,2020-01-19
1291012,为爱重生,11.97,2503.4万,20,0.1%,217,100%,2020-01-19
248172,复仇者联盟4：终局之战,11.72,42.49亿,20,0.1%,59,--,2020-01-19
1217123,夺冠,11.41,11.4万,125,0.1%,19,100.0%,2020-01-19
1213293,小羊肖恩2：末日农场,6.52,1708.3万,3,<0.1%,904,2.4%,2020-01-19
1298827,亲爱的新年好,5.71,6243.4万,2,<0.1%,1186,1.7%,2020-01-19
1301695,城市的星空,3.79,208.8万,59,<0.1%,13,91.8%,2020-01-19
1258163,利刃出鞘,3.63,2.00亿,6,<0.1%,147,6.9%,2020-01-19
461076,紧急救援,3.49,4.4万,190,<0.1%,4,100%,2020-01-19
1216383,比悲伤更悲伤的故事,2.65,9.55亿,27,<0.1%,10,--,2020-01-19
1290395,幸福的小满,2.46,131.9万,34,<0.1%,29,32.5%,2020-01-19
341139,惊奇队长,2.45,10.35亿,25,<0.1%,10,--,2020-01-19
1258847,西河恋歌,2.40,19.2万,71,<0.1%,34,100%,2020-01-19
1203046,坂本龙一：终曲,2.27,496.3万,6,<0.1%,85,6.3%,2020-01-19
1301580,铁血阳泉,2.22,90.7万,9,<0.1%,87,77.6%,2020-01-19
1215114,廉政风云,1.97,1.18亿,47,<0.1%,16,31.6%,2020-01-19
1236504,正正的世界,1.93,242.8万,91,<0.1%,7,100%,2020-01-19
1250610,乡村青年,1.80,974.1万,25,<0.1%,8,100%,2020-01-19
1243239,熊出没·原始时代,1.57,7.14亿,18,<0.1%,9,--,2020-01-19
1302100,刑场上的婚礼,1.43,216.9万,25,<0.1%,16,30.8%,2020-01-19
378256,美丽人生,1.37,79.1万,4,<0.1%,125,--,2020-01-19
1277939,我和我的祖国,1.26,31.10亿,27,<0.1%,18,25.8%,2020-01-19
248803,我和我的小伙伴们,1.24,30.8万,52,<0.1%,8,64.3%,2020-01-19
1278147,古窑迷踪,1.23,91.1万,3,<0.1%,218,2.2%,2020-01-19
341823,罗宾汉：起源,1.19,447.0万,2,<0.1%,157,2.7%,2020-01-19
1212,千与千寻,1.15,4.88亿,3,<0.1%,46,--,2020-01-19
1211727,反贪风暴4,1.13,7.98亿,29,<0.1%,4,--,2020-01-19
1212608,站住！小偷,1.12,92.2万,1,<0.1%,458,1.1%,2020-01-19
1218474,狐踪谍影,1.10,105.7万,1,<0.1%,514,0.9%,2020-01-19
1286126,守望人,1.05,105.8万,3,<0.1%,168,2.8%,2020-01-19
1218273,误杀,1612.55,11.71亿,7,27.2%,69143,4.9%,2020-01-20
1190122,叶问4：完结篇,1269.50,11.53亿,6,21.4%,67445,4.1%,2020-01-20
1279731,宠爱,989.68,6.61亿,5,16.7%,64650,3.4%,2020-01-20
1214142,变身特工,446.43,9350.3万,6,7.5%,23471,4.8%,2020-01-20
1220983,动物特工局,213.46,3895.0万,4,3.6%,18576,3.7%,2020-01-20
247949,冰雪奇缘2,213.18,8.60亿,7,3.6%,10703,5.7%,2020-01-20
1206381,灭绝,212.39,1212.6万,3,3.5%,29799,2.1%,2020-01-20
1281095,紫罗兰永恒花园 外传：永远与自动手记人偶,176.67,4498.1万,3,2.9%,19478,3.0%,2020-01-20
1219754,鲨海逃生,130.15,4410.6万,3,2.2%,20438,2.1%,2020-01-20
1303,美丽人生,109.43,5773.8万,4,1.8%,8771,3.7%,2020-01-20
1228869,半个喜剧,102.26,1.86亿,5,1.7%,6145,4.9%,2020-01-20
1196202,天使陷落,67.35,6533.9万,3,1.1%,7071,2.8%,2020-01-20
1284594,我为你牺牲,50.12,2.46亿,6,0.8%,2444,5.9%,2020-01-20
418207,理查德·朱维尔的哀歌,32.05,509.3万,4,0.5%,2284,3.6%,2020-01-20
1189325,捉妖学院,24.63,1349.4万,61,0.4%,68,100%,2020-01-20
1301459,海林都,20.72,4607.2万,79,0.3%,79,100%,2020-01-20
1261203,解放·终局营救,18.51,4124.6万,22,0.3%,191,21.3%,2020-01-20
1299333,鹭世界,18.36,466.2万,8,0.3%,841,5.8%,2020-01-20
1302015,士兵顺溜：兵王争锋,17.27,148.2万,2,0.2%,2917,1.8%,2020-01-20
1298853,致敬英雄,16.45,342.2万,38,0.2%,146,62.9%,2020-01-20
1237279,特警队,16.23,5674.4万,3,0.2%,1648,3.1%,2020-01-20
1286126,守望人,16.06,121.9万,13,0.2%,173,16.9%,2020-01-20
1301498,盲舞,15.06,147.7万,67,0.2%,38,92.1%,2020-01-20
1255359,别告诉她,11.96,401.5万,3,0.2%,1281,2.4%,2020-01-20
1201272,为家而战,11.58,1682.9万,1,0.1%,5513,0.6%,2020-01-20
1291012,为爱重生,10.25,2513.6万,18,0.1%,213,100%,2020-01-20
1277939,我和我的祖国,9.00,31.10亿,18,0.1%,57,45.6%,2020-01-20
1217123,夺冠,8.65,20.0万,104,0.1%,18,100.0%,2020-01-20
1298827,亲爱的新年好,6.61,6250.0万,2,0.1%,1399,1.6%,2020-01-20
1213293,小羊肖恩2：末日农场,6.08,1714.4万,3,0.1%,864,2.6%,2020-01-20
1258163,利刃出鞘,4.25,2.00亿,6,<0.1%,186,6.2%,2020-01-20
1229534,银河补习班,2.65,8.72亿,30,<0.1%,9,100%,2020-01-20
1182619,教授与疯子,2.64,266.7万,30,<0.1%,31,46.6%,2020-01-20
246061,哥斯拉2：怪兽之王,2.54,9.37亿,13,<0.1%,21,--,2020-01-20
1211727,反贪风暴4,2.33,7.96亿,20,<0.1%,12,--,2020-01-20
410629,阿丽塔：战斗天使,2.20,8.96亿,28,<0.1%,8,--,2020-01-20
1290395,幸福的小满,2.17,134.1万,35,<0.1%,25,36.5%,2020-01-20
1302100,刑场上的婚礼,2.00,218.9万,27,<0.1%,24,27.5%,2020-01-20
1236504,正正的世界,1.98,244.8万,92,<0.1%,7,100%,2020-01-20
1203046,坂本龙一：终曲,1.97,498.3万,5,<0.1%,105,5.0%,2020-01-20
1250610,乡村青年,1.97,976.1万,28,<0.1%,8,100%,2020-01-20
1301580,铁血阳泉,1.91,92.6万,8,<0.1%,89,73.6%,2020-01-20
1215114,廉政风云,1.67,1.18亿,39,<0.1%,17,37.6%,2020-01-20
1189879,狮子王,1.65,8.32亿,33,<0.1%,5,--,2020-01-20
1302399,红月亮森林,1.51,1.5万,14,<0.1%,44,14.4%,2020-01-20
1301695,城市的星空,1.30,210.1万,87,<0.1%,3,79.5%,2020-01-20
1218474,狐踪谍影,1.27,107.0万,1,<0.1%,534,1.0%,2020-01-20
1302042,那人那事,1.23,52.6万,12,<0.1%,39,16.6%,2020-01-20
1212608,站住！小偷,1.20,93.4万,1,<0.1%,434,1.2%,2020-01-20
341823,罗宾汉：起源,1.16,448.2万,2,<0.1%,242,1.8%,2020-01-20
1218273,误杀,1523.60,11.87亿,7,28.8%,71411,4.5%,2020-01-21
1190122,叶问4：完结篇,1206.09,11.65亿,6,22.8%,69063,3.8%,2020-01-21
1279731,宠爱,917.75,6.70亿,5,17.3%,65636,3.1%,2020-01-21
1214142,变身特工,439.99,9790.2万,5,8.3%,25902,4.4%,2020-01-21
1220983,动物特工局,213.23,4108.1万,4,4.0%,20355,3.3%,2020-01-21
1206381,灭绝,170.44,1383.1万,2,3.2%,28388,1.8%,2020-01-21
1281095,紫罗兰永恒花园 外传：永远与自动手记人偶,154.66,4652.7万,3,2.9%,19962,2.6%,2020-01-21
1219754,鲨海逃生,126.56,4536.9万,3,2.3%,20895,2.0%,2020-01-21
1303,美丽人生,93.43,5867.1万,4,1.7%,9083,3.0%,2020-01-21
1228869,半个喜剧,90.25,1.87亿,4,1.7%,6612,4.0%,2020-01-21
1196202,天使陷落,63.24,6597.2万,3,1.1%,7408,2.5%,2020-01-21
1284594,我为你牺牲,41.21,2.47亿,8,0.7%,1442,8.0%,2020-01-21
418207,理查德·朱维尔的哀歌,27.92,537.3万,4,0.5%,2295,3.1%,2020-01-21
1302015,士兵顺溜：兵王争锋,16.69,164.9万,2,0.3%,2905,1.8%,2020-01-21
1301459,海林都,16.28,4637.4万,62,0.3%,82,91.0%,2020-01-21
1298853,致敬英雄,15.80,358.0万,39,0.2%,138,79.2%,2020-01-21
1277527,那时风华,15.60,1458.4万,57,0.2%,63,48.5%,2020-01-21
1301498,盲舞,15.00,162.7万,82,0.2%,31,100%,2020-01-21
1237279,特警队,13.62,5688.0万,3,0.2%,1847,2.3%,2020-01-21
1299333,鹭世界,13.34,479.6万,6,0.2%,854,4.1%,2020-01-21
1201272,为家而战,12.28,1695.2万,1,0.2%,5462,0.7%,2020-01-21
1291012,为爱重生,10.03,2523.7万,17,0.1%,219,100%,2020-01-21
1255359,别告诉她,8.35,409.9万,2,0.1%,1317,1.7%,2020-01-21
1298827,亲爱的新年好,7.30,6257.3万,2,0.1%,1531,1.5%,2020-01-21
1301695,城市的星空,6.80,216.9万,91,0.1%,15,76.7%,2020-01-21
1261203,解放·终局营救,6.38,4131.0万,11,0.1%,168,10.6%,2020-01-21
1213293,小羊肖恩2：末日农场,5.96,1720.4万,2,0.1%,1066,1.9%,2020-01-21
1217123,夺冠,5.90,25.9万,48,0.1%,21,51.4%,2020-01-21
1258163,利刃出鞘,3.86,2.00亿,5,<0.1%,206,5.0%,2020-01-21
1301580,铁血阳泉,2.63,95.2万,16,<0.1%,58,87.7%,2020-01-21
1236504,正正的世界,2.21,247.0万,91,<0.1%,8,100%,2020-01-21
1182619,教授与疯子,1.85,268.5万,18,<0.1%,31,28.5%,2020-01-21
1250610,乡村青年,1.79,977.8万,29,<0.1%,7,98.5%,2020-01-21
1203046,坂本龙一：终曲,1.59,499.9万,4,<0.1%,122,3.8%,2020-01-21
247949,冰雪奇缘2,1.56,8.60亿,1,<0.1%,460,2.8%,2020-01-21
1263828,天池水怪,1.47,9.5万,10,<0.1%,39,7.0%,2020-01-21
341823,罗宾汉：起源,1.32,449.5万,2,<0.1%,249,2.0%,2020-01-21
1212608,站住！小偷,1.26,94.7万,1,<0.1%,454,1.3%,2020-01-21
1278147,古窑迷踪,1.25,93.3万,3,<0.1%,232,2.0%,2020-01-21
1302100,刑场上的婚礼,1.24,220.1万,16,<0.1%,21,15.0%,2020-01-21
1302296,樟帮,1.18,4.0万,6,<0.1%,83,5.2%,2020-01-21
1302042,那人那事,1.16,53.8万,14,<0.1%,33,19.0%,2020-01-21
346409,尼斯大冒险,1.03,457.4万,2,<0.1%,265,1.8%,2020-01-21
1301018,变化中的中国·生活因你而火热,1.00,935.7万,32,<0.1%,8,60.5%,2020-01-21
1218273,误杀,1229.05,11.99亿,6,28.5%,71951,3.6%,2020-01-22
1190122,叶问4：完结篇,1008.79,11.75亿,5,23.4%,69760,3.2%,2020-01-22
1279731,宠爱,773.18,6.78亿,4,17.9%,65385,2.6%,2020-01-22
1214142,变身特工,335.83,1.01亿,4,7.8%,26161,3.3%,2020-01-22
1220983,动物特工局,155.43,4263.5万,3,3.6%,20416,2.4%,2020-01-22
1206381,灭绝,133.78,1516.9万,2,3.1%,27157,1.5%,2020-01-22
1281095,紫罗兰永恒花园 外传：永远与自动手记人偶,113.95,4766.6万,2,2.6%,19732,1.9%,2020-01-22
1219754,鲨海逃生,100.13,4637.1万,2,2.3%,20592,1.6%,2020-01-22
1228869,半个喜剧,72.40,1.87亿,4,1.6%,6640,3.2%,2020-01-22
1303,美丽人生,69.18,5936.3万,3,1.6%,9003,2.2%,2020-01-22
1196202,天使陷落,55.53,6652.7万,3,1.2%,7369,2.3%,2020-01-22
1284594,我为你牺牲,37.90,2.47亿,9,0.8%,1147,9.3%,2020-01-22
1277527,那时风华,29.44,1487.8万,72,0.6%,88,71.8%,2020-01-22
418207,理查德·朱维尔的哀歌,20.86,558.1万,3,0.4%,2154,2.5%,2020-01-22
1301695,城市的星空,19.49,236.4万,91,0.4%,32,94.5%,2020-01-22
1301498,盲舞,14.71,177.4万,70,0.3%,35,88.2%,2020-01-22
1302015,士兵顺溜：兵王争锋,13.30,178.2万,2,0.3%,2727,1.4%,2020-01-22
1301459,海林都,12.90,4650.3万,38,0.2%,109,85.8%,2020-01-22
1237279,特警队,12.63,5700.6万,2,0.2%,1792,2.2%,2020-01-22
1298853,致敬英雄,10.13,368.1万,28,0.2%,123,44.6%,2020-01-22
1261203,解放·终局营救,9.53,4140.5万,21,0.2%,180,23.8%,2020-01-22
1291012,为爱重生,9.06,2532.7万,15,0.2%,222,100%,2020-01-22
1201272,为家而战,9.03,1704.2万,1,0.2%,5248,0.5%,2020-01-22
1299333,鹭世界,8.21,487.8万,4,0.1%,848,2.5%,2020-01-22
1298827,亲爱的新年好,6.53,6263.8万,2,0.1%,1562,1.4%,2020-01-22
1255359,别告诉她,6.27,416.1万,2,0.1%,1258,1.3%,2020-01-22
1213293,小羊肖恩2：末日农场,4.31,1724.7万,2,0.1%,1024,1.5%,2020-01-22
1258163,利刃出鞘,3.13,2.00亿,4,<0.1%,213,4.1%,2020-01-22
1250610,乡村青年,2.09,979.9万,39,<0.1%,6,100%,2020-01-22
1263828,天池水怪,1.97,11.5万,8,<0.1%,80,12.9%,2020-01-22
1236504,正正的世界,1.80,248.8万,85,<0.1%,7,100%,2020-01-22
1182619,教授与疯子,1.57,270.1万,21,<0.1%,25,23.1%,2020-01-22
1203046,坂本龙一：终曲,1.42,501.3万,3,<0.1%,126,3.1%,2020-01-22
1133527,阳光夏令营,1.37,32.7万,79,<0.1%,7,--,2020-01-22
1301580,铁血阳泉,1.21,96.4万,9,<0.1%,50,86.6%,2020-01-22
1207927,一辈子的姐弟,1.16,27.7万,78,<0.1%,6,--,2020-01-22
1302042,那人那事,1.09,54.9万,12,<0.1%,36,14.8%,2020-01-22
1218273,误杀,683.32,12.06亿,4,26.8%,67098,2.1%,2020-01-23
1190122,叶问4：完结篇,612.82,11.81亿,3,24.0%,64998,2.1%,2020-01-23
1279731,宠爱,456.81,6.83亿,3,17.9%,60494,1.7%,2020-01-23
1214142,变身特工,190.47,1.03亿,3,7.4%,24623,2.0%,2020-01-23
1220983,动物特工局,98.95,4362.2万,2,3.8%,19174,1.6%,2020-01-23
1281095,紫罗兰永恒花园 外传：永远与自动手记人偶,75.48,4841.8万,2,2.9%,18055,1.4%,2020-01-23
1206381,灭绝,72.46,1589.1万,1,2.8%,24248,0.9%,2020-01-23
1219754,鲨海逃生,69.37,4705.9万,2,2.7%,18587,1.2%,2020-01-23
1228869,半个喜剧,43.16,1.88亿,3,1.6%,6112,2.0%,2020-01-23
1303,美丽人生,41.71,5978.0万,2,1.6%,8177,1.5%,2020-01-23
1196202,天使陷落,37.72,6690.4万,2,1.4%,6695,1.7%,2020-01-23
1277527,那时风华,30.37,1518.2万,82,1.1%,79,100%,2020-01-23
1284594,我为你牺牲,24.51,2.47亿,6,0.9%,957,6.8%,2020-01-23
1301695,城市的星空,19.97,256.4万,72,0.7%,35,80.9%,2020-01-23
1301459,海林都,11.31,4661.6万,54,0.4%,59,97.6%,2020-01-23
418207,理查德·朱维尔的哀歌,11.05,569.2万,2,0.4%,1949,1.5%,2020-01-23
1302015,士兵顺溜：兵王争锋,8.92,187.1万,2,0.3%,2474,1.0%,2020-01-23
1237279,特警队,7.56,5708.2万,2,0.2%,1624,1.5%,2020-01-23
1291012,为爱重生,7.19,2539.9万,11,0.2%,261,100%,2020-01-23
1301498,盲舞,6.98,184.4万,35,0.2%,36,61.4%,2020-01-23
1201272,为家而战,6.43,1710.6万,1,0.2%,4643,0.4%,2020-01-23
1298827,亲爱的新年好,4.46,6268.3万,1,0.1%,1376,1.0%,2020-01-23
1299333,鹭世界,3.64,491.4万,2,0.1%,766,1.2%,2020-01-23
1255359,别告诉她,3.33,419.5万,1,0.1%,1118,0.7%,2020-01-23
1213293,小羊肖恩2：末日农场,2.68,1727.4万,1,0.1%,948,0.9%,2020-01-23
1250610,乡村青年,1.80,981.7万,40,<0.1%,5,100%,2020-01-23
1261203,解放·终局营救,1.73,4142.3万,5,<0.1%,147,4.8%,2020-01-23
1258163,利刃出鞘,1.66,2.00亿,3,<0.1%,195,2.4%,2020-01-23
1263828,天池水怪,1.51,13.0万,15,<0.1%,30,22.0%,2020-01-23
1236504,正正的世界,1.09,244.7万,73,<0.1%,5,100%,2020-01-23
